actor,imdb_mean
"""Riley"" Lakdhar Dridi",5.6
4Minute,6.2
A.K. Hangal,8.0
AJ Rivera,5.0
Aahana Kumra,6.15
Aakash Dabhade,8.2
Aamir Bashir,8.1
Aamir Khan,8.3
Aaron Farb,4.6
Aaron Himelstein,5.5
Aaron McCusker,4.9
Aaron Munoz,3.9
Aaron Wolff,7.0
Aaron Yoo,6.8
Aashish Kulkarni,7.1
Aasif Mandvi,6.8
Aayam Mehta,3.1
Abbi Jacobson,5.9
Abbie Cornish,6.2
Abby Ryder Fortson,7.0
Abdalah Mishrif,3.1
Abdalla Mahmoud,7.4
Abdo Chahine,7.5
Abdullah Ibrahim,7.4
Abdulmajeed Al-Ruhaidi,6.2
Abdur Rehman,3.4
Abeer Mohammed,1.5
Abhay Deol,7.0
Abhijit Sinha,3.4
Abhinav Shukla,6.6
Abhishek Banerjee,6.9
Abigail Cruttenden,4.8
Abir Chatterjee,5.9
Abraham Attah,7.7
Ace Harney,3.3
Achita Pramoj Na Ayudhya,6.5
Ada Ameh,5.4
Adah Sharma,6.4
Adain Bradley,4.3
Adam Arkin,7.0
Adam Brody,5.1
Adam Butcher,6.4
Adam Conover,8.0
Adam Crew,3.9
Adam Devine,5.8
Adam Lazarre-White,3.2
Adam Lustick,8.0
Adam Nee,6.0
Adam Nourou,6.6
Adam Pally,7.3
Adam Powell,4.8
Adam Sandler,6.62
Adam Tomei,6.0
Adam Tuominen,4.7
Addison Riecke,6.2
Addison Timlin,6.1
Additi Gupta,6.6
Adebukola Oladipupo,5.4
Adeel Hashmi,6.3
Adel Bencherif,6.4
Adel Karam,5.3
Adesh Bhardwaj,2.8
Adesua Etomi,5.3
Adetomiwa Edun,6.7
Adewale Akinnuoye-Agbaje,7.3
Adil Dehbi,7.3
Adil Hussain,7.033333333333334
Adina Porter,8.0
Adipati Dolken,6.8
Aditi Arya,7.8
Aditi Mittal,4.4
Aditya Lakhia,7.8
Aditya Roy Kapur,4.2
Adjetey Anang,5.6
Adria Arjona,6.1
Adrian Alandy,6.9
Adrian Holmes,7.5
Adrian Pasdar,5.9
Adrian Petriw,5.65
Adriana Barraza,7.4
Adriana DeMeo,5.4
Adrianna Biedrzyńska,7.2
Adrien Brody,5.5
Adrienne Corri,8.3
Adrienne Iapalucci,5.4
Adul Charoenrasameekiat,6.3
Ady An,8.0
Affif Ben Badra,5.1
Affion Crockett,5.0
Afi Ekulona,3.9
Afonso Padilha,6.7
Aga Muhlach,6.5
Agustín Aristarán,6.8
Ahmed Al Zein,6.7
Ahmed Dawood,6.05
Ahmed Eid,4.3
Ahmed El Fishawy,6.8
Ahmed Fouad Selim,4.3
Ahmed Helmy,6.4
Ahmed Zaki,7.4
Ahn Hyo-seop,7.5
Ahn Se-ha,7.5
Ahna O'Reilly,5.1
Ahron Villena,6.8
Ai Kakuma,6.4
Ai Kayano,7.3
Ai Weiwei,7.6
Aiko Melendez,6.8
Ailsa Marshall,6.5
Ainsley Harriott,7.2
Ainy Jaffri,6.3
Aisha Tyler,6.0
Aishwarya Rai Bachchan,4.2
Ajay Devgn,6.266666666666667
Ajay Mehta,6.0
Ajay Mishra,5.9
Akah Nnani,6.7
Akarin Akaranitimaytharatt,6.3
Akarsh Khurana,6.1
Akash Gopal,6.5
Aki Kanada,5.9
Aki Toyosaki,7.875
Akio Otsuka,7.85
Akira Ishida,6.4
Akofa Edjeani Asiedu,5.6
Akon,5.0
Akshay Kumar,5.76
Al Tantay,6.75
Al Thompson,7.4
Alaa Zenhom,3.1
Alan Blumenfeld,5.8
Alan C. Lim,6.7
Alan Mandell,7.0
Alan Oppenheimer,7.1
Alan Rickman,6.5
Alan Saldaña,6.2
Alan Tudyk,6.1
Alanah Gilbert,4.7
Alanna Ubach,5.0
Alastair Mackenzie,5.45
Alba Ribas,7.6
Albert Brooks,7.0
Alberto Ajaka,6.6
Alberto Ammann,5.9
Alberto Escobal,6.7
Alec Baldwin,3.75
Alejandro Castiglioni,6.1
Alejandro Flores,5.2
Alejandro Goic,8.0
Alejandro Riaño,4.9
Alejandro Sieveking,8.0
Alejandro Suárez,5.5
Aleksander Bednarz,7.2
Aleksandr Kuznetsov,7.4
Aleksandr Ustyugov,7.4
Alessandra Denegri,3.5
Alessandro Giallocosta,6.7
Alessandro Juliani,6.1
Alessandro Nivola,7.0
Alessio Scalzotto,5.4
Alex Barima,5.9
Alex Brendemühl,5.0
Alex Calin,5.35
Alex Fernández,6.2
Alex Kelly,6.2
Alex MacNicoll,6.8
Alex Moore,5.3
Alex Neustaedter,6.8
Alex Ozerov,5.0
Alex Rennie,6.7
Alex Trebek,7.8
Alex Veadov,6.5
Alex Zahara,4.6
Alexander Brouwer,5.6
Alexander Chan,6.9
Alexander Crowther,5.9
Alexander Eling,5.0
Alexander Peleg,6.0
Alexandra Carter,5.7
Alexandra Harris,3.9
Alexandra Jiménez,7.6
Alexandra Maria Lara,5.1
Alexandra Neil,6.1
Alexandra Shipp,6.5
Alexia Dox,4.8
Alexia Twister,5.9
Alexis Jones,7.9
Alexis Viera,7.3
Alfonso Sánchez,3.8
Alfonso Tort,7.6
Alfred Lutter,7.3
Alfred Molina,6.5
Alfredo Castro,8.0
Ali Afshar,5.75
Ali Liebert,6.5
Ali Marhyar,6.2
Ali Nuhu,6.7
Ali Sheikh,6.3
Ali Wong,7.5
Ali-Asghar Shahbazi,8.3
Alia Bhatt,6.9
Alia Shawkat,8.7
Alican Yücesoy,8.1
Alice Braga,6.4
Alice Krige,5.5
Alice Pagani,8.0
Alicia Sanz,5.2
Alie Ward,5.7
Alina Chivulescu,4.5
Alina Lozano,6.7
Aline Küppenheim,8.0
Alisha Bailey,4.9
Alisha Boe,7.166666666666667
Alison Brie,6.5
Alison Pill,8.0
Alistair McGowan,7.1
Aliyar,6.5
Alka Chawla,8.0
Alla Tumanian,7.2
Allauddin Khan,7.7
Allen Covert,6.375
Allen Dizon,6.5
Allie Ji,5.1
Allison Hossack,6.1
Allison Janney,7.1000000000000005
Allison Miller,6.4
Allison Paige,5.699999999999999
Allison Warnyca,5.7
Allu Arjun,7.1
Alok Nath,6.9
Alon Aboutboul,7.8
Alonzo Muhlach,4.8
Altan Erkekli,7.0
Alyona Chekhova,7.1
Alyson Standen,6.2
Alyssya Swales,5.4
Ama K. Abebrese,6.65
Amadou Mbow,6.7
Amalia Vitale,6.9
Amanda Bynes,5.4
Amanda Detmer,5.550000000000001
Amanda Orestes,2.7
Amanda Seyfried,6.1
Amanda Wyss,5.5
Amarjeet Amle,5.6
Amber Chardae Robinson,5.6
Amber Heard,5.85
Amber Midthunder,4.6
Ambrose Hui,7.2
Ambyr Childers,7.5
Ameesha Patel,7.3
Amelia Warner,5.5
America Young,6.199999999999999
Amerul Affendi,3.6
Amey Wagh,4.4
Ami Koshimizu,7.2
Amin Hajee,6.4
Amina Kane,6.7
Amina Khalil,6.8
Amir Tessler,6.0
Amit Tandon,7.1
Amitabh Bachchan,6.8500000000000005
Amjad Khan,4.6
Amr Abdel-Geleel,5.75
Amrish Puri,6.6
Amrit Maghera,7.0
Amrita Acharia,5.2
Amrita Puri,3.0
Amrita Singh,5.8999999999999995
Amruta Subhash,7.0
Amrutha Anna Reji,8.0
Amy Green,6.9
Amy Handley,4.7
Amy Hargreaves,7.6
Amy Hill,6.8
Amy Irving,6.5
Amy Landecker,7.0
Amy Okuda,8.3
Amy Poehler,5.5
Amy Sanders,7.2
Amy Schumer,4.1
Amy Winehouse,6.3
Amybeth McNulty,8.7
Ana Caetano,6.6
Ana Capri,6.8
Ana Druzhynina,1.5
Ana María Estupiñán,6.7
Ana Radu,1.7
Ana Wagener,6.6
Anaitha Nair,7.1
Anajosé Aldrete,5.2
Anand Ingale,8.6
Anand Ingle,7.7
Anandito Dwis,6.6
Anangsha Biswas,4.9
Anant Nag,6.5
Anders Baasmo,5.1
Anders Hove,7.2
Andi Matichak,5.3
Andrea Avery,5.9
Andrea Osvárt,4.8
Andrea Stefancikova,5.5
Andrea Sutton,5.2
Andree Vermeulen,6.1
Andrei Gavril,1.7
Andrei Selaru,1.7
Andreo Kamau,6.8
Andres Joseph,6.2
Andrew Airlie,6.4
Andrew Bowen,6.6
Andrew Coghlan,3.9
Andrew Collins,6.0
Andrew Daly,5.0
Andrew Grainger,6.2
Andrew Herr,5.9
Andrew Kishino,6.4
Andrew Lin,6.7
Andrew McNee,5.9
Andrzej Chyra,6.8
Andrzej Mellin,7.2
André Chiang,6.8
André Dussollier,7.3
André Holland,6.1
André Luiz Frambach,2.7
Andrés Iniesta,7.3
Andy Buckley,3.9
Andy Garcia,7.8
Andy Lucas,5.35
Andy Nyman,6.1
Andy Richter,7.35
Andy Serkis,7.1
Andy Whitfield,8.7
Anee Icha,8.0
Angela Bassett,8.0
Angela Chang,7.2
Angela Galuppo,7.3
Angela Sithole,5.3
Angelica Panganiban,6.5
Angelina Fiordellisi,5.7
Angelique Cabral,6.35
Angelo Restaino,5.6
Angely Gaviria,6.3
Angus Macfadyen,4.5
Angus Sampson,6.2
Anikie Maguire,5.8
Anil Dhawan,8.3
Anil Kapoor,5.65
Anisa Rahma,6.6
Anisha Ambrose,7.8
Anita Date,4.4
Anita Yuen,6.0
Anitta,6.7
Anjelah Johnson-Reyes,5.8
Anjelica Huston,6.15
Anjori Alagh,6.4
Ankit Narang,6.9
Ankit Raaj,4.9
Ann Hsu,8.0
Ann Kendrick,6.7
Anna Castillo,6.6
Anna Cummer,6.5
Anna Friel,7.3
Anna Hopkins,7.5
Anna Jobling,3.6
Anna Kendrick,7.6
Anna Lise Phillips,6.0
Anna Louw,7.0
Anna Manahan,6.8
Anna Paquin,7.8
Anna Prochniak,6.5
Anna-Maria Sieklucka,3.2
AnnaLynne McCord,6.0
Annabeth Gish,6.2
Annalise Basso,6.0
Anne Azoulay,6.4
Anne Celestino Mota,6.9
Anne Hathaway,7.0
Anne Le Ny,5.2
Anne Winters,6.550000000000001
Anne-Solenne Hatte,3.8
Annette Bening,7.800000000000001
Annie Murphy,8.7
Annie Q.,6.3
Annie Tedesco,5.3
Annu Kapoor,6.6
Anoop Soni,7.4
Anson Mount,5.5
Anson Paul,3.3
Anthony Alabi,5.6
Anthony Anderson,6.4
Anthony Bourdain,8.8
Anthony Hopkins,7.4
Anthony Jacques,6.5
Anthony Jeselnik,7.5
Anthony LaPaglia,6.6
Anthony Mackie,8.4
Anthony Oseyemi,5.4
Anthony Wong Chau-Sang,6.35
Antoine Bizet,6.2
Antoine Gouy,7.8
Anton Yelchin,6.75
Anton von Lucke,8.4
Antonio Banderas,5.9
Antonio Fargas,5.3
Antonio Marziale,6.3
Antonio Sanint,3.8
Antonio de la Torre,7.6
Antony Varghese,8.0
Antti Pääkkönen,6.3
Anuj Choudhry,7.0
Anula Navlekar,6.4
Anupam Kher,7.3
Anupam Shyam,5.3
Anurag Kashyap,7.0
Anusha Dhandekar,5.2
Anushka Manchanda,7.0
Anya O'Connor,7.1
Anya Taylor-Joy,8.3
Aoi Yuki,6.4
Apichet Atirattana,7.0
Apinya Sakuljaroensuk,6.3
Apoorva Soma,7.7
Araba Walton,7.2
Arabron Nyyeneque,6.8
Arafah Rianti,6.6
Arashi,8.0
Arav Chowdharry,2.1
Arbaaz Khan,6.4
Archan Trivedi,5.3
Archana Kotwal,3.4
Archana Puran Singh,6.9
Arci Muñoz,6.8
Ari Eldjárn,7.9
Ari Shaffir,6.8
Ariana Grande,6.4
Ariana Guido,5.8
Ariel Levy,4.8
Ariel Lin,5.4
Ariel Winter,5.3
Arielle Holmes,5.4
Arifin Putra,6.4
Arinzé Kene,5.5
Ario Bayu,6.4
Ariyo Wahab,6.6
Arjun Das,7.6
Arjun Kapoor,6.9
Arjun Mathur,6.766666666666667
Armin Mueller-Stahl,6.7
Arno Morales,6.7
Arnold Schwarzenegger,5.7
Arsenio Hall,4.3
Arshad Warsi,5.2
Arsher Ali,6.4
Arshima Thapar,6.9
Artiwara Kongmalai,7.8
Arturo Valls,5.9
Aru Krishansh Verma,6.9
Arul Vincent,7.6
Arunima Ghosh,5.9
Arya Babbar,4.5
Asal Deen,7.0
Asami Seto,7.699999999999999
Asana Alhassan,5.6
Asenla Jamir,7.0
Ashish Verma,7.6
Ashish Vidyarthi,8.1
Ashlee Brian,6.9
Ashleigh Ball,6.65
Ashleigh Hairston,4.3
Ashleigh Ross,5.2
Ashley Argota,5.1
Ashley Jackson,6.4
Ashley Jensen,7.75
Ashley Judd,7.0
Ashley Pereira,3.9
Ashley Rogan,5.1
Ashley Thomas,5.5
Ashlyn Drummond,6.2
Ashlyn Selich,7.3
Ashok Banthia,6.8
Ashrut Jain,5.9
Ashton Holmes,5.3
Ashton Sanders,5.8
Ashwin Chitale,7.1
Ashwin Kaushal,5.4
Ashwini Apte,6.1
Ashwini Bhave,7.7
Ashwini Kalsekar,8.3
Ashwyn Mberi,7.0
Asmaa Galal,6.8
Asrani,7.233333333333333
Ata Demirer,5.1
Atanas Srebrev,5.7
Atie Krisnawati,7.1
Ato Essandoh,7.3
Atsuko Tanaka,6.4
Atsumi Tanezaki,7.8
Atsushi Goto,7.2
Attharut Krongrasri,7.0
Atul Kulkarni,5.3
Atul Parchure,5.5
Aubrey Cleland,4.3
Aubrey Dollar,7.3
Aubrey Plaza,5.3
Audrey,7.0
Augustus Prew,5.6
Auli'i Cravalho,6.5
Aura Cristina Geithener,3.6
Ava DuVernay,7.1
Avery Arendes,5.3
Avery Brooks,8.5
Avery Whitted,5.4
Avi Nash,8.3
Avicii,7.6
Awkwafina,6.4
Aya Asahina,7.7
Aya Suzaki,6.5
Ayahi Takagaki,6.4
Ayaka Asai,6.5
Ayaka Miyoshi,7.7
Ayako Kawasumi,6.7
Ayame Misaki,7.7
Ayda Aksel,7.0
Aydan Taş,4.4
Ayelet Zurer,6.7
Ayesha Singh,3.4
Ayhan Kavas,8.1
Ayhan Taş,5.2
Aymen Hamdouchi,6.2
Aymeric Jett Montaz,8.7
Ayo Makun,5.833333333333333
Ayten Amer,4.3
Ayten Uncuoglu,6.9
Ayu Azhari,7.3
Ayub Khan,7.4
Ayushmann Khurrana,8.0
Ayça Eren,8.05
Ayça Erturan,4.4
Ayşegül Akdemir,4.4
Ayşen Gruda,4.9
Azalia Ortiz,6.0
Aziz Ansari,6.966666666666666
Azura Skye,6.1
B1A4,6.2
BTS,6.2
Babak Karimi,8.3
Babetida Sadjo,6.9
Badjie Mortiz,4.8
Bailee Madison,5.6
Balthazar Murillo,6.6
Banjo Ginga,6.7
Banu Manioğlu,4.9
Barbara Goodson,6.2
Barbara Hershey,5.8
Barbara Mamabolo,5.9
Barbara Niven,5.7
Barbara Scolaro,5.2
Barbara Tyson,5.7
Barbra Streisand,7.5
Barclay Hope,5.3
Baron Geisler,6.5
Barry Bostwick,4.0
Barry Levinson,6.1
Bea Alonzo,6.8
Bea Santos,6.1
Beatriz Saw,6.8
Beau Bridges,6.1
Beau Fowler,6.5
Bebe Cave,6.3
Beby Tsabina,6.8
Becky,7.2
Becky G.,6.8
Begüm Kütük,5.5
Belen Blanco,5.0
Bellamy Young,4.2
Belçim Bilgin,7.0
Ben Bledsoe,5.9
Ben Diskin,5.1
Ben Feldman,6.2
Ben Hardy,6.1
Ben Hyland,6.3
Ben Kingsley,5.5
Ben Konigsberg,6.1
Ben Lamb,5.5
Ben Mendelsohn,6.2
Ben Moor,7.5
Ben Platt,8.4
Ben Rosenfield,5.6
Ben Schwartz,5.4
Ben Turner,6.2
Benedetta Porcaroli,7.35
Benedict Cumberbatch,8.4
Benedict Wong,8.4
Benicio Del Toro,8.4
Benito Martinez,7.8
Benjamin Gilani,6.8
Benjamin Kitter,7.2
Benjamin Lim,4.6
Benny Vadakkan,6.5
Benoît Magimel,5.5
Berkan Şal,8.05
Berke Üzrek,8.8
Berna Konur,7.0
Bernhard Schütz,7.2
Bert Kreischer,6.9
Beth Grant,6.0
Bethany Brown,6.3
Bethany Hamilton,7.4
Betsy Sodaro,7.2
Bette Midler,7.4
Bettina Devin,5.8
Betty Pedrazzi,6.7
Betty White,7.8
Beverly D'Angelo,8.5
Beverly Naya,8.0
Beverly Osu,5.4
Beyoncé Knowles-Carter,6.2
Bharani Shankar,4.3
Bharat Jadhav,6.1
Bharat Kapoor,7.3
Bharath Seeni,7.3
Bhaswar Chatterjee,5.9
Bhavna Khatri,5.5
Bholaraj Sapkota,8.1
Bhushan Vikas,6.9
Bianca Comparato,7.4
Bianca Kajlich,6.1
Bianca Matthews,5.6
Biassini Segura,3.6
Bigflo & Oli,6.9
Bill Allen,5.7
Bill Lader,5.1
Bill Milner,6.3
Bill Murray,5.15
Bill Nighy,7.449999999999999
Bill Romanowski,6.0
Bill Sage,7.6
Billie Lourde,8.0
Billy Angel,5.35
Billy Burke,6.4
Billy Crawford,6.8
Billy Crudup,6.8
Billy Eichner,7.15
Billy Green Bush,7.3
Billy Tyler,6.0
Bimbo Akintola,6.0
Bimbo Manuel,6.366666666666667
Bin Shimada,6.7
Bindu,4.6
Bing Pimental,6.7
Bingkun Cao,6.5
Binny Rinky Benjamin,8.0
Bipasha Basu,7.4
Bipin Gupta,6.7
Birgitte Hjort Sørensen,6.1
Biswanath Basu,5.9
Bitto Davis,8.0
Bjarke Ingels,8.3
Björn Kjellman,5.1
Black Deniro,6.6
Blackie Rose,5.1
Blaire Chang,6.7
Blake Clark,6.4
Blake Harrison,6.3
Blossom Chukwujekwu,5.4
Blu Hunt,5.0
Bob Brisbane,6.65
Bob Frazer,6.3
Bob Hoskins,7.1
Bob Isaacs,5.5
Bob Odenkirk,8.7
Bobby Andrews,6.5
Bobby Cannavale,7.0
Bobby Deol,5.4
Bobby Dou,7.9
Bojana Novakovic,5.3
Bok-gi Min,6.3
Boman Irani,8.4
Bommu Lakshmi,3.3
Bonnie Hay,3.9
Booboo Stewart,5.1
Boris Van Severen,6.7
Boubker Ait El Caid,7.4
Brad Pitt,6.550000000000001
Brad Potts,3.8
Brad Swaile,5.1
Bradley Cooper,8.4
Brady Permenter,6.2
Brady Reiter,6.2
Branden Coles,3.8
Brando Eaton,5.8
Brando Pacitto,8.0
Brandon Butler,7.9
Brandon Flynn,7.9
Brandon Scott,5.6
Bre-Z,7.7
Brec Bassinger,5.3
Brendan Gleeson,6.5
Brendan Mullins,7.1
Brent Anderson,7.8
Brent Braunschweig,7.0
Brenton Thwaites,5.8
Bresha Webb,5.9
Brett Donahue,7.5
Brett Gelman,7.5
Brian Anderson,7.9
Brian Baumgartner,5.5
Brian Cummings,7.1
Brian Dobson,5.7
Brian Drummond,6.5
Brian George,6.5
Brian Gleeson,7.1
Brian Milligan,6.5
Brian White,6.9
Brian Yorkey,7.9
Brian d'Arcy James,6.949999999999999
Briana Lane,7.7
Brianne Moncrief,4.85
Bridget Fonda,7.1
Brigette Lundy-Paine,8.3
Brijendra Kala,7.5
Britt Irvin,5.6
Brittany Snow,6.3
Brittney Wilson,6.1
Broden Kelly,8.0
Bronagh Gallagher,7.1
Bronisław Wrocławski,3.2
Brontis Jodorowsky,5.8
Brook Todd,3.3
Brooke Bloom,5.5
Brooke Dillman,6.7
Brooke Palsson,6.0
Brooklyn Decker,6.6
Bruce A. Young,7.0
Bruce Campbell,8.8
Bruce Dern,5.5
Bruce Gomlevsky,6.6
Bruce Spence,6.0
Bruce Springsteen,7.4
Bruce Willis,6.233333333333333
Bruno Bergonzini,7.6
Bruno Paviot,7.8
Bruno Ricci,6.2
Bryan Batt,6.6
Bryan Chesters,3.2
Bryan Jackson,5.7
Bryan Mordechai Jackson,5.7
Bryan Ruffo,6.6
Bryce Dallas Howard,7.6
Brynna Drummond,6.1
Brytnee Ratledge,4.6
Brían F. O'Byrne,7.5
BtoB,6.2
Buddy Handleson,5.3
Burcu Gönder,4.4
Burt Reynolds,6.8
"Byron ""Squally"" Vinson",6.6
Byron Mann,8.0
Bárbara Lennie,6.4
Bérénice Marlohe,7.1
Bülent Emin Yarar,6.9
Bülent Emrah Parlak,4.4
Büşra Pekin,4.4
C.S. Lee,6.5
Cacai Bautista,6.8
Caique Nogueira,6.6
Caitlin Carmichael,6.6
Caitlin Gerard,7.8
Caitlin Keats,5.6
Cajetan Boy,6.8
Caleb McLaughlin,7.5
Callan Mulvey,5.3
Calum Worthy,6.75
Cam Gigandet,5.3
Cameron J. Wright,5.6
Camilla Belle,5.1
Camilla Harden,5.4
Camilla Jo-Ann Daries,7.0
Camille Guaty,6.8
Camille Hyde,8.2
Camille Ramsey,8.2
Camryn Manheim,6.1
Canan Ergüder,8.8
Candace Cameron Bure,6.3
Candi Milo,6.0
Candice King,5.0
Candy Devine,6.8
Canute Gomes,6.0
Cara Ricketts,5.2
Cara Seymour,7.6
Carl Reiner,7.8
Carla Moscatelli,6.3
Carlo Aquino,6.8
Carlos Alazraqui,7.3
Carlos Cuevas,7.3
Carlos Díaz,5.1
Carlos Hipólito,6.5
Carlos PenaVega,6.4
Carlos Quintero,6.3
Carlos Torres,6.7
Carmel Johnson,4.7
Carmen Beato,6.0
Carmen Electra,6.0
Carmen Gutiérrez,7.3
Carmen Machi,5.3
Carol Burnett,6.4
Carolina Castro,4.1
Carolina Penadés,6.1
Caroline Abras,6.4
Caroline Anglade,6.7
Caroline Chikezie,5.5
Carrie Goldberg,7.9
Carrie Preston,6.2
Carrie Wong,7.3
Carter Hastings,3.8
Carter Thicke,5.1
Casey Affleck,6.9
Casey Sander,6.6
Cassandra Morris,6.25
Cassi Thomson,4.7
Cassidy Naber,6.8
Castille Landon,5.3
Catalina Saavedra,8.0
Catalina Sandino Moreno,7.0
Cate Blanchett,7.4
Catherine Deneuve,7.3
Catherine Keener,6.3
Catherine O'Hara,8.7
Cathy Cavadini,6.5
Cathy Weseluck,6.1
Catrinel Dumitrescu,6.6
Cecilia Caballero Jeske,6.1
Cedric the Entertainer,5.0
Celeste Ntuli,5.3
Celeste Sully,5.8
Celeste Thornton,7.1
Celso Bugallo,5.2
Celso Frateschi,7.4
Cem Kiliç,5.5
Cemil Özbayer,5.1
Cengiz Bozkurt,5.1
Ceren Moray,5.5
Cha Seung-won,8.1
Chabeli Sastre Gonzalez,8.0
Chace Crawford,6.1
Chad Michael Murray,5.9
Chadwick Boseman,8.4
Chafurin,6.7
Chai Wei,8.0
Chaitanya Sharma,6.1
Chaleumpol Tikumpornteerawong,4.7
Challen Cates,6.4
Chandan Anand,6.9
Chandan Roy Sanyal,4.5
Chandrachoor Rai,8.0
Chanelle Peloso,5.3
Chang Chieh,8.5
Chang Ting-hu,8.7
Chanintorn Jitpreeda,6.5
Chanon Santinatornkul,7.5
Chantavit Dhanasevi,4.7
Charlbi Dean,5.8
Charles Demers,7.6
Charles Grodin,2.8
Charles Napier,7.0
Charles Nelson Reilly,6.8
Charlie Bodin,7.3
Charlie Heaton,7.5
Charlie Sheen,4.8
Charlie Trairat,7.2
Charlie Weber,5.0
Charlie Wernham,7.4
Charlize Theron,5.5
Charlott Madeleine Utzig,6.0
Charlotte Carel,5.9
Charlotte Le Bon,5.2
Charlotte Newhouse,6.1
Charlotte Salt,6.4
Charlotte Vandermeersch,6.7
Charly Hübner,4.8
Chase Williamson,5.6
Chatchai Plengpanich,5.5
Chelcie Ross,7.0
Chelsea Edmundson,4.6
Chelsea Kane,8.0
Chelsey Reist,4.1
Chemban Vinod Jose,7.3
Chen Bor-jeng,8.0
Chen Kuan Tai,6.3
Chen Yi-wen,7.6
Chen Yuqi,6.3
Chen Zhi Hui,6.3
Chenthu Mohan,7.6
Cheryl Hines,6.699999999999999
Cheryl Yang,8.5
Chetan Pandit,7.75
Cheyenne Jackson,8.0
Chhaya Kadam,8.3
Chiara Zanni,6.1
Chicco Jerikho,7.1
Chie Matsuura,7.7
Chigul,6.7
Chika Chukwu,6.9
Chikahiro Kobayashi,7.8
Chin Chin Gutierrez,6.5
Chinawut Indracusin,6.3
Chinmayee Mandlekar,7.6
Chino Darín,7.6
Chiranjit,5.9
Chitrangada Singh,6.6
Chloe Bayliss,6.0
Chloe Webb,5.8
Chloë Sevigny,7.8
Cho Dong-hyuk,7.9
Cho Han-cheul,7.5
Cho Ryun,7.1
Cho Seong-ha,7.95
Cholsawas Tiewwanichkul,7.4
Chonlakarn Puangnoy,6.5
Chonnikan Netjui,7.0
Chord Overstreet,6.7
Chris Attoh,5.3
Chris Conner,8.0
Chris Cooper,8.3
Chris Elliott,8.7
Chris Evans,8.4
Chris Hemsworth,8.4
Chris Kattan,6.3
Chris Kendrick,5.0
Chris Klein,4.1
Chris Noth,5.4
Chris Obi,7.8
Chris Pine,4.2
Chris Pratt,8.4
Chris Rock,5.8
Chris Sarandon,5.7
Chris Wu,8.0
Christa Campbell,6.1
Christian Bale,7.6
Christian Convery,4.6
Christian Dal Dosso,6.9
Christian Navarro,7.75
Christian Vazquez,6.2
Christian Villamil,3.6
Christina Jacquelyn Calph,5.7
Christine Baranski,5.6
Christine Donlon,5.6
Christine Dye,5.3
Christine Tucci,5.4
Christoph Niemann,8.4
Christoph Sanders,5.3
Christophe Kourotchkine,7.8
Christopher Abbott,7.0
Christopher Backus,4.6
Christopher Clarke,4.3
Christopher Gaze,5.7
Christopher Gorham,6.6
Christopher Gray,5.6
Christopher Kirby,5.2
Christopher Lee,7.0
Christopher Masterson,4.6
Christopher O'Shea,6.0
Christopher Plummer,7.0
Christopher Shyer,6.4
Christy Summerhays,5.0
Chu De-Kang,6.7
Chuck Zito,7.1
Chutimon Chuengcharoensukying,7.6
Ciana Swales,5.6
Ciara Bravo,6.4
Ciara Janson,6.2
Cicely Tyson,5.9
Cida Rolim,6.9
Cihat Tamer,6.9
Cindy Lien,8.25
Cissy Houston,7.4
Claire Corlett,5.9
Claire Holt,7.5
Claire Margaret Corlett,6.5
Claire Tran,6.7
Claire van der Boom,6.2
Clara Kushnir,3.9
Clara Segura,7.6
Clara Voda,6.6
Clarissa Müller,6.6
Clark Backo,6.2
Clark Duke,5.9
Claude Rich,5.9
Claudia Ferri,7.5
Claudia Lennear,7.4
Claudia Pandolfi,8.0
Claudia Traisac,5.9
Claudio Tolcachir,6.4
Clay Gribble,6.8
Clayne Crawford,7.4
Clayton Hoff,5.8
Clayton Snyder,2.6
Clea DuVall,6.1
Clemmie Dugdale,3.2
Cliff Curtis,5.5
Clint Dyer,6.4
Clint Glenn Hummel,5.3
Clive Owen,6.1
Clive Russell,6.8
Cloris Leachman,6.8
Clotilde Courau,5.6
Cobie Smulders,8.4
Coco Martin,4.8
Cody Cameron,7.1
Cody Christian,7.7
Colby French,4.7
Cole Hauser,5.3
Cole Sand,7.8
Cole Sprouse,6.4
Colin Branca,6.3
Colin Donnell,5.6
Colin Farrell,5.4
Colin Firth,7.6
Colin Garlick,6.2
Colin Hanks,6.6
Colin Paradine,6.3
Colleen Camp,2.8
Colm Feore,6.15
Colton Haynes,7.75
Common,5.75
Concha Galán,3.8
Conleth Hill,6.4
Connie Britton,8.0
Connie Nielsen,6.2
Conrad Pla,6.2
Cooper Huckabee,6.0
Cooper Koch,5.4
Corey Hawkins,6.1
Corey Parker Robinson,6.9
Corey Stoll,6.1
Corinna Harfouch,7.2
Cornelio Sunny,6.4
Corrine Koslo,8.7
Cosimo Fusco,6.7
Cosme Castro,6.2
Cosmin Nedelcu,1.7
Cosmos Lin,5.1
Coumba Dieng,6.7
Courteney Cox,6.0
Coy Stewart,5.3
Craig Fairbrass,6.5
Craig Robinson,5.8
Creed Bratton,6.0
Crina Semciuc,5.35
Cris Villanueva,6.8
Crispin Glover,7.1
Cristi Puiu,6.6
Cristina Milizia,5.6
Cristina Morán,6.3
Cristina Rosato,6.2
Cristina Serafini,5.7
Crystal Fox,5.9
Crystal Yu,5.4
Cuba Gooding Jr.,7.85
Cylk Cozart,6.6
Cynthia Nixon,6.2
Cynthia Rose Hall,5.6
Cynthia Smith,5.2
Cynthy Wu,6.5
Cyril Nri,4.9
César Bordón,7.6
César Troncoso,7.6
D. Narsingh Rao,5.6
DJ Khaled,6.3
DJ Ruckus,4.3
Da-hae Lee,5.7
Dacre Montgomery,7.5
Dagmara Dominczyk,5.7
Daisuke Hirakawa,6.5
Daisuke Namikawa,6.7
Daisuke Ono,7.2
Daisuke Sakaguchi,6.4
Dalila Bela,8.7
Damian Lau,6.3
Damien Chapelle,5.2
Damilola Adegbite,7.35
Damon Herriman,7.3
Dan Aaron Ramnarong,6.5
Dan Aykroyd,6.8
Dan Beirne,5.9
Dan Byrd,5.9
Dan Davies,5.3
Dan Fogler,5.4
Dan Hedaya,6.3
Dan Payne,4.6
Dan Stevens,6.3
Dan Styles,6.5
Dana DeLorenzo,8.8
Dana Fuchs,7.3
Dana Min Goodman,6.0
Dana Wheeler-Nicholson,5.6
Danai Gurira,8.4
Dani Ornellas,2.7
Dani Rovira,7.6
Daniel Aráoz,6.4
Daniel Booko,5.8
Daniel Brühl,6.5
Daniel Candia,8.0
Daniel Cooksley,5.1
Daniel Doheny,6.1
Daniel Edward Mora,6.0
Daniel Ezra,7.7
Daniel Haddad,5.2
Daniel J. Travanti,7.2
Daniel Levy,8.7
Daniel MacPherson,4.2
Daniel Padilla,6.8
Daniel Palmer,4.4
Daniel Sharman,5.3
Daniel Southworth,5.2
Daniel Sträßer,6.5
Daniel Washington,2.6
Daniel Weber,2.8
Daniel Zolghadri,6.3
Daniel von Bargen,7.0
Daniela Barbosa,5.5
Daniela Escobar,5.2
Daniella Monet,3.8
Daniella Pineda,7.3
Danish Hussain,6.699999999999999
Danish Pandor,6.9
Danny DeVito,7.5
Danny Denzongpa,6.15
Danny Glover,5.9
Danny Huston,7.2
Danny Jacobs,7.35
Danny John-Jules,7.1
Danny Mann,7.1
Danny McBride,6.1
Danny Trejo,5.199999999999999
Danny Webb,6.5
Dante Basco,9.2
Dante Rivero,6.6
Danying Feng,6.7
Daphne Oseña-Paez,6.7
Daran Norris,3.8
Darby Camp,6.2
Darin De Paul,7.8
Dariusz M. Uczkowski,6.1
Darlene Love,7.4
Darren Chiu,6.7
Darren Wang,5.4
Darshan Jariwala,6.300000000000001
Darshan Machamada,5.9
Daryl Gilley,6.8
Daryl Hannah,7.4
Daryl Sabara,7.2
Daryle Lamont Jenkins,5.9
Dash Mihok,6.2
Dave,6.5
Dave Bautista,8.4
Dave East,6.4
Dave Fennoy,5.6
Dave Franco,6.0
Dave Sheridan,5.0
David Anzuelo,5.4
David Attenborough,9.0
David Bradley,6.6
David Costabile,6.1
David Cronenberg,7.8
David Cross,8.7
David Dastmalchian,7.0
David Del Rio,5.7
David Duchovny,7.5
David Graham,7.3
David Harbour,7.5
David Holt,7.2
David Kaye,7.2
David Koechner,5.0
David Krumholtz,7.2
David Lee,6.4
David Letterman,6.8
David Lewis,3.8
David Maldonado,6.0
David Meadows,2.6
David Menkin,7.1
David Meunier,7.5
David Morse,6.6
David Oyelowo,7.0
David Pasquesi,6.7
David Pearse,6.5
David Ramsey,7.5
David Robbins,4.1
David Ryall,6.1
David Schneider,7.1
David Schütter,7.2
David So,5.6
David Strathairn,5.8
David Suchet,6.2
David Tse,4.4
David Verdaguer,6.949999999999999
David Villada,7.2
David Zayas,6.6
David de Vos,5.8
Dawan Owens,5.9
Dawood Hussain,4.9
Daymond John,4.3
Dean Andrews,6.3
Dean Winters,7.3
Deana Carter,6.1
Debo Akibe,6.7
Deborah Findlay,7.1
Debra Messing,5.3
Debra Wilson,7.2
Debra Winger,5.8
Debs Howard,3.9
Deddy Mahendra Desta,7.3
Dee Bradley Baker,7.699999999999999
Dee Wallace,5.1
Deep Joshi,5.7
Deepak Gheewala,6.6
Deepak Sampat,5.9
Deepak Subramanya,7.7
Deepal Shaw,8.1
Deepali Pansare,6.9
Deepika Padukone,6.2
Delnaaz Irani,7.3
Demetri Goritsas,7.0
Demi Moore,6.8
Demián Bichir,6.0
Dendrie Taylor,3.2
Deng Lun,8.4
Denira Wiraguna,6.8
Denis Arndt,7.0
Denis O'Hare,8.0
Denis Theriault,5.2
Deniz Özerman,5.2
Dennis Rudge,5.6
Denny Dillon,5.4
Denny Huang,6.7
Denzil Smith,5.75
Deok-jae Jo,6.3
Derek Hough,6.3
Derek Luke,7.75
Derek Ramsay,5.95
Derek Waters,6.5
Deric McCabe,4.2
Dermot Mulroney,5.65
Desirae Whitfield,5.6
Desmond Tan,7.3
Devadarshini Chetan,3.3
Devan Key,5.8
Deven Bhojani,5.5
Deven Christian Mack,5.4
Deven Verma,8.2
Devika Daftardar,7.0
Devin Druid,7.6
Devon Graye,6.3
Devon Terrell,8.3
Devon Weigel,3.8
Devyn Dalton,6.1
Dharmendra,4.5
Dharmesh Yelande,6.3
Dheer Charan Srivastav,5.6
Dhruva Padmakumar,8.1
Dian Bachar,6.5
Dian Sastrowardoyo,7.3
Diana Condurache,1.7
Diana Gómez,7.3
Diana Kaarina,6.1
Diana Silvers,5.4
Diandra Agatha,6.8
Diane Ciesla,6.2
Diane Keaton,6.2
Diane Ladd,6.699999999999999
Diane Morgan,8.4
Diane Salinger,5.1
Diankou Sembene,6.7
Dibyendu Bhattacharya,6.4
Dichen Lachman,8.0
Diedrich Bader,7.2
Diego Boneta,6.5
Diego Gallardo,6.6
Diego Luna,7.8
Dillon Cavitt,5.1
Dilshad Vadsaria,6.1
Dimple Kapadia,5.2
Dimples Romana,6.8
Dineo Ranaka,6.6
Dirk Bogarde,7.4
Disha Kapoor,5.9
Divya Dutta,5.3
Doh Kyung-soo,7.5
Dolly Ahluwalia,7.0
Dolly Bindra,6.4
Dolly Rathebe,7.4
Dolly Singh,4.1
Dom DeLuise,6.55
Domhnall Gleeson,7.3
Dominic Bogart,7.5
Dominic Boyle,7.5
Dominic Costa,6.6
Dominic Mafham,4.9
Dominic Rains,6.8
Dominic West,6.6
Dominique Swain,5.2
Dominique Van Malder,6.7
Don Cheadle,8.4
Don Hany,6.9
Donald Faison,5.4
Donald Sutherland,5.4
Donna Rusch,5.8
Donnell Rawlings,5.4
Donnie Yen,6.3
Donny Falsetti,4.7
Donovan Pietersen,6.6
Dorcas Shola Fapson,6.7
Dori Sakurada,7.0
Dorian Kingi,6.8
Dorian Popa,1.7
Dorien Wilson,5.3
Dorothy Malone,7.0
Doug Jones,4.6
Dove Cameron,5.4
Doğa Konakoğlu,5.2
Dr. Christine Moutier,7.9
Dr. Helen Hsu,7.9
Dr. Rebecca Hedrick,7.9
Dr. Rona Hu,7.9
Drake Bell,4.55
Drea Castro,6.5
Drew Barrymore,6.65
Duane Stephens,5.0
Dubán Prado,6.3
Duchess Dukes,3.8
Duma Ka Ndlovu,7.4
Durdana Butt,6.3
Durga Khote,8.0
Dushyant Wagh,5.5
Dustin Milligan,7.6
Dustin Ybarra,5.8
Dwayne Hickman,6.3
Dwi Sasono,6.4
Dwight Schultz,6.550000000000001
Dylan Arnold,5.15
Dylan Baker,6.4
Dylan Fuentes,6.3
Dylan McDermott,7.05
Dylan Minnette,7.75
Dylan O'Brien,6.2
Dylan Schmid,6.3
Dylan Sprouse,5.866666666666667
ELSIE,6.2
EXID,6.2
EXO,6.2
Eamon Brennan,5.6
Earleen Carey,6.8
Earnestine Phillips,5.8
Ececan Gümeci,5.5
Echo Kellum,7.5
Ed Helms,8.0
Eddie Marsan,5.3
Eddie Murphy,5.9
Eddie Shin,7.5
Edin Hasanovic,7.1
Edison Wang,7.9
Edoardo Leo,6.7
Eduard Fernández,6.5
Eduardo Franco,8.2
Eduardo Recabarren,7.6
Edward Asner,6.1
Edward Fordham Jr.,7.3
Edward Fox,7.4
Edward Furlong,8.5
Edward Holcroft,7.8
Edward Norton,8.5
Edwin Hodge,5.85
Edyta Olszówka,6.8
Ege Aydan,8.8
Ego Mikitas,7.6
Eiichiro Tokumoto,7.7
Eike Duarte,2.7
Eileen Li,6.2
Eisaya Hosuwan,7.6
Eita Okuno,7.3
Ekapol Deebunmee,7.6
Eko Fresh,5.5
Elaine Welteroth,7.9
Eldar Kalimulin,7.4
Elen Rhys,6.3
Elena Kampouris,6.9
Eli Morse,6.7
Eli Roth,4.8
Elie Adabachi,6.7
Elif Nur Kerkük,5.050000000000001
Elijah Wood,7.1
Elinet Louicius,3.9
Elisa Donovan,6.3
Elisabeth Hesemans,6.7
Elizabeth Hawthorne,6.6
Elizabeth Hurley,6.8
Elizabeth Irving,5.7
Elizabeth Masucci,6.1
Elizabeth McLaughlin,5.3
Elizabeth Olsen,8.4
Elizabeth Perkins,6.1
Ella Anderson,3.8
Ella Joy Ballesteros,6.7
Ellar Coltrane,8.3
Elle Fanning,6.775
Ellen Burstyn,7.3
Ellen Kennedy,6.5
Ellie King,5.7
Elliot Cowan,5.1
Elliott Gould,7.95
Eloy Azorín,5.9
Elvis Nolasco,7.8
Elvy Yost,6.8
Elyes Gabel,7.0
Elysia Markou,4.7
Emayatzy Corinealdi,6.4
Emery Kelly,7.5
Emi Shimokura,6.7
Emil Hirai-Garuba,6.4
Emile Hirsch,5.8
Emilie Gavois-Kahn,6.1
Emilio Estevez,5.3
Emilio Palacios,6.5
Emilio Rivera,6.5
Emily Axford,8.0
Emily Bett Rickards,7.5
Emily Blunt,7.5
Emily Hampshire,8.7
Emily Morris,4.7
Emin Olcay,5.2
Emiri Kato,6.800000000000001
Emma Bading,6.3
Emma Dumont,7.5
Emma Galvin,5.6
Emma Kennedy,7.1
Emma Pierson,6.2
Emma Roberts,8.0
Emma Thompson,6.5
"Emmanuel ""King Kong"" Nii Adom Quaye",7.7
Emmanuel Kabongo,6.2
Emmanuel Nii Adom Quaye,5.6
Emmanuel Rosset,6.9
Emmanuel Xuereb,6.9
Emmy Rossum,6.8
Emory Cohen,6.1
Emraan Hashmi,5.833333333333333
Emrah Erdogru,5.5
Emre Canpolat,4.4
Emre Karayel,5.5
Emun Elliott,6.2
Emy Lévy,6.2
Emy Samir Ghanim,6.4
Engin Altan Düzyatan,5.8
Enrico Colantoni,7.5
Enrique Gil,6.9
Enrique San Francisco,5.9
Enver Gjokaj,4.5
Enyinna Nwigwe,5.85
Enzo Marcos,5.4
Erasmo Carlos,2.7
Eray Eserol,8.8
Erdal Beşikçioğlu,8.05
Erdem Yener,5.2
Eri Kitamura,7.050000000000001
Eric André,5.4
Eric Balfour,6.0
Eric Bauza,5.1
Eric Bogosian,6.8
Eric Christian Olsen,6.0
Eric Etebari,6.8
Eric Moon,7.9
Eric Nguyen,5.9
Eric Podnar,5.8
Eric Roberts,5.3
Erica Hubbard,5.9
Erica Lindbeck,5.58
Erica Schroeder,6.3
Erica Tremblay,6.5
Erica Yohn,6.7
Erick Chavarria,4.3
Erika Ervin,8.0
Erika Harlacher,7.9
Erika Linder,5.5
Erin Fitzgerald,7.25
Erin Mathews,7.6
Erinn Hayes,6.6
Eriq Ebouaney,6.2
Erkan Can,4.9
Ernest Borgnine,6.5
Ersin Korkut,4.4
Erto Pantoja,8.0
Es Devlin,8.4
Esakki Barath,7.3
Esben Smed,7.2
Eser Yenenler,4.4
Esha Gupta,4.9
Esin Eden,5.2
Esom,8.1
Esperanza Elipe,5.3
Essence Atkins,5.0
Esteban Lamothe,5.4
Estefanía de los Santos,3.8
Ethan Finlan,6.7
Ethan Hawke,5.8
Ethan Lawrence,7.4
Ethan Suplee,8.5
Ethan Tavares,6.1
Ethan Yang,3.9
Eudald Font,7.3
Eugene Lee,5.7
Eugene Levy,8.7
Eugenia Suárez,5.4
Eui-sung Kim,6.3
Eva Day,5.9
Eva Lallier,6.1
Eva Longoria,7.1
Eva Verena Müller,7.2
Evan Peters,8.0
Evan Rachel Wood,7.3
Evan Spiridellis,7.25
Evan Todd,6.7
Evangeline Lilly,7.0
Everest Moe,7.6
Ewa Błaszczyk,6.8
Ewan McGregor,6.7
Ezra Miller,6.1
Ezzat El Alaili,7.4
Ezzat El Alaily,6.7
Fabian Buch,4.8
Fabian Svegaard Tapia,6.0
Fabiana Udenio,7.0
Fabien Yang,7.0
Fabrizio Copano,3.5
Facundo Aquinos,5.0
Fairuza Balk,8.5
Faizon Love,5.0
Falz,5.3
Fardeen Khan,6.5
Farid Shawqy,7.4
Farida Jalal,7.1
Farooq Shaikh,7.3
Fatih Artman,8.8
Fatima Al-Banawi,6.2
Fatma Hassan,5.3
Fay Masterson,6.6
Fay Ripley,5.7
Felicity Huffman,7.8
Felicity Jones,7.5
Felipe Avello,3.5
Felipe Esparza,5.4
Felix Mallard,6.5
Felix Roco,6.5
Ferdi Akarnur,5.5
Fernanda Urrejola,8.0
Fernando Argosino,3.8
Figaro Tseng,7.0
Filippo Gili,6.7
Finesse Mitchell,5.4
Finn Carr,7.5
Finn Wittrock,8.0
Finn Wolfhard,7.5
Fiona Vroom,4.0
Firat Çelik,6.9
Fitria Rasyidi,6.6
Flavia Hojda,5.35
Fortune Feimster,5.4
Frances Conroy,8.0
Frances Duca,6.9
Frances McDormand,5.5
Francesc Garrido,5.9
Francesca Eastwood,6.5
Francis Chun-Yu Ng,6.0
Francis Manapul,4.7
Francis Weddey,7.7
Franck Dubosc,5.9
Frank Grillo,5.3
Frank Langella,7.1
Frank Samson,5.4
Frank Welker,7.8
Franka Potente,4.1
Frankie Muniz,5.4
François Chau,5.8
François Civil,6.2
Fred Armisen,7.033333333333334
Fred Hechinger,6.3
Fred Melamed,7.0
Fred Savage,6.2
Fred Tatasciore,7.2
Fred Testot,5.4
Fred Ward,6.1
Freddie Highmore,8.2
Freya Adams,6.2
Frieda Barnhard,5.6
Fritzi Haberlandt,8.4
Fuko Saito,7.7
Fukushi Ochiai,7.8
Fumihiro Okabayashi,6.4
Funke Akindele,5.3
Fyodor Lavrov,7.4
Fyvush Finkel,7.0
Fábio Assunção,6.4
G. Hannelius,7.35
Gabe York,6.5
Gabourey Sidibe,8.0
Gabriel Basso,5.4
Gabriel Bateman,6.2
Gabriel Byrne,5.8
Gabriel Lan,8.5
Gabriela Nunes,6.6
Gabrielle Union,6.6
Gael García Bernal,7.4
Gaetano Aronica,7.2
Gajanan Jagirdar,6.7
Gajraj Rao,7.7
Galatea Ranzi,8.0
Ganesh Acharya,6.3
Ganindra Bimo,6.4
Garance Marillier,6.4
Garfield Wilson,4.699999999999999
Gargi Roychowdhury,7.1
Garrett Clayton,4.1
Garry Chalk,5.9
Gary Lineker,7.3
Gary Sweet,6.2
Gary Weeks,5.6
Gary Wilmes,6.1
Gashmeer Mahajani,7.1
Gaten Matarazzo,7.5
Gaurav Kothari,5.9
Gaurav Pandey,3.0
Gaurav Paswala,5.9
Gaurav Sharma,8.1
Gautam Gulati,5.8
Gautam Rode,2.8
Gautham Menon,7.3
Gazala Amin,7.7
Gbenga Akinnagbe,5.1
Ge Wang,6.5
Geena Davis,5.4
Gelu Colceag,6.6
Gemma Chua-Tran,5.2
Gene Hackman,7.4
Genki Muro,7.8
Genneya Walton,6.8
George Clooney,5.5
George Dzundza,7.0
George Faughnan,6.3
George Lopez,5.4
George MacKay,5.5
George Shevtsov,6.0
Georgia Engel,7.8
Georgina Cates,6.3
Georgina Yankelevich,6.3
Gerald Anderson,6.5
Gerald Madrid,6.5
Geraldine Chaplin,6.9
Geraldine James,7.199999999999999
Gerard Butler,6.45
Gerry Sundquist,7.4
Gerónimo Pizzanelli,6.3
Gethin Anthony,7.5
Ghazi Alkinani,6.9
Gheorghe Ifrim,6.6
Giacomo Rosselli,6.7
Giancarlo Esposito,8.7
Gianni Parisi,3.2
Gideon Okeke,6.0
Gigi Rice,6.3
Gijs Scholten van Aschat,6.7
Gil Gex,5.8
Gilad Kahana,6.0
Gilbert Gottfried,7.5
Giles Matthey,5.8
Gillian Zinser,6.6
Gina Gershon,5.8
Ginnifer Goodwin,7.6
Girish Karnad,7.1
Girish Kulkarni,4.1
Gizem Tuğral,4.4
Glen Keane,5.5
Glenn Close,7.0
Glenn Morshower,5.7
Gloria Carrá,5.4
Gloria Groove,5.9
Gloria Reuben,6.1
Go Eun Han,6.0
Goapele,4.2
Godfrey Quigley,6.8
Goldy Notay,5.2
Gonzalo Delgado,6.1
Gonzalo Menendez,6.5
Goo Jin,6.3
Gornpop Janjaroen,4.7
Got7,6.2
Goutam Ghose,6.5
Goutham Shashidhar,7.7
Govind Namdeo,6.4
Govinda,6.4
Grace Park,5.9
Grace Woodward,4.4
Graham Outerbridge,3.9
Graham Rogers,7.300000000000001
Gralen Bryant Banks,6.2
Grant Masters,4.8
Gray Powell,6.4
Grażyna Szapołowska,3.2
Greeva Kansara,5.3
Greg Harris,6.3
Greg Hsu,7.6
Greg Kinnear,7.7
Greg Vaughan,6.1
Gregg Henry,5.7
Gregg Spiridellis,7.25
Gregg Sulkin,5.3
Gregory Ojefua,5.4
Greta Fernández,5.2
Greta Gerwig,6.5
Greta Onieogou,7.7
Gretchen Mol,6.3
Grey Damon,7.5
Greyston Holt,6.1
Griffin Gluck,8.2
Griffin Puatu,7.9
Guggu Gill,5.9
Gugu Mbatha-Raw,4.2
Guillaume Canet,5.2
Guinevere Turner,7.6
Guiomar Puerta,7.3
Gulfam Khan,5.5
Gulshan Grover,6.066666666666666
Gunnar Anderson,5.7
Guo Yue,6.2
Gurnam Bhullar,7.2
Gustavo Salmerón,5.2
Guy Pearce,6.0
Guy Torry,8.5
Gwang Jang,6.3
Gyeon Seo,6.3
Gülhan Tekin,4.4
Gülsüm Alkan,4.4
Güneş Hayat,5.5
Haaz Sleiman,4.5
Habibullah Panezai,7.0
Hafizul Kamal,3.6
Hailee Steinfeld,5.800000000000001
Hairul Azreen,3.6
Hakan Hatipoğlu,8.8
Hakou Benosmane,7.3
Hal Smith,6.9
Haldun Boysan,5.5
Haley Bennett,5.3
Haley Ramm,6.2
Haley Tju,5.3
Hallie Grace Bradley,6.0
Halston Sage,6.5
Haluk Bilginer,5.8
Hamdi Kahraman,4.4
Hameed Sheikh,7.0
Hamid Djavadan,6.2
Hamilton Dias,6.6
Han Chae-young,6.0
Han So-hee,7.5
Hana Shiha,5.3
Hank Rogerson,4.6
Hannah Al Rashid,7.3
Hannah Gadsby,5.4
Hannah John-Kamen,7.0
Hannah Ladesma,5.4
Hannah Marks,6.15
Hannah Simone,6.6
Hannah Ware,5.7
Hannibal Buress,6.0
Hans Chung,8.5
Hans Kesting,5.6
Hany El Metennawy,5.3
Hapi Murphy,4.7
Happy Ranjit,6.4
Haradhan Bannerjee,8.1
Hardy Krüger,7.4
Hariata Moriarty,5.7
Harish Patel,5.4
Harold Prince,7.5
Harry Enfield,7.4
Harry Hains,3.2
Harsh Chhaya,6.5
Harsh Sethi,5.7
Harsha H S,7.7
Harshvardhan Kapoor,7.6
Harshvardhan Rane,5.6
Haruka Chisuga,6.4
Haruka Imou,7.3
Haruka Shiraishi,6.4
Haruka Tomatsu,8.2
Harumi Sakurai,7.7
Harvey Fierstein,7.5
Harvey Keitel,7.3
Harwood Gordon,3.8
Hassan Abdulfattah,3.1
Hattaya Wongkrachang,7.4
Havana Guppy,3.9
Haviland Stillwell,7.3
Havish,7.8
Hayden Christensen,5.0
Hayley Atwell,7.8
Hayley Lovitt,3.3
Heather Bambrick,5.1
Heather Graham,6.6
Heba Nour,4.9
Heena Parmar,7.1
Heidi Heaslet,5.1
Heidi Klum,4.7
Heidi Niedermeyer,5.1
Helana Sawires,6.9
Helen,4.6
Helen Carey,6.8
Helen Hunt,7.7
Helen McCrory,6.5
Helen Mirren,5.7
Heljä Heikkinen,6.3
Hema,6.0
Hema Malini,4.5
Hema Singh,6.5
Hemanth Mahaur,6.8
Henley Hii,4.1
Henri-Noël Tabary,5.6
Henriette Müller,7.2
Henry F. Benjamin,6.3
Henry Keane,5.5
Henry Winkler,7.2
Hera Hilmar,5.5
Hernán Del Riego,5.2
Hero Fiennes Tiffin,5.15
Hesham Selim,6.6
Hibiku Yamamura,7.8
Hikaru Akao,5.5
Hilary Duff,5.9
Hilary Swank,6.6
Hill Harper,5.8
Hiro Masuda,7.7
Hiro Shimono,8.9
Hiroaki Hirata,7.2
Hiroaki Iwanaga,7.766666666666666
Hiroaki Ogi,6.7
Hirofumi Nojima,6.4
Hiroki Touchi,7.45
Hiroshi Kamiya,8.3
Hiroyuki Kinoshita,6.5
Hisao Egawa,6.4
Hisham Fageeh,6.2
Hiten Tejwani,6.6
Hochu Otsuka,6.5
Holly Weston,4.8
Hong-Fa Kim,8.0
Honor Kneafsey,5.5
Hopper Penn,4.1
Hortnarong Teng,7.6
Houchu Ohtsuka,7.8
Houko Kuwashima,6.4
Hovik Keuchkerian,5.9
Howard Rosemeyer,2.8
Hrishikesh Joshi,7.65
Huang Lu,5.5
Huda Sultan,6.6
Hugh Grant,7.0
Hugh Laurie,7.1
Hugh Masekela,7.4
Hugh Thompson,5.2
Hugo Becker,7.8
Hugo Medina,8.0
Hunter Clowdus,5.8
Hunter Parrish,6.4
Hussein Fahmy,6.6
Huub Stapel,6.8
Hwang Seung-eon,7.9
Hye-jin Han,6.3
Hyo-young Ryu,7.3
Hyun-moo Jun,7.4
Hánssel Casillas,5.2
Héctor Bonilla,6.0
Hélène Devos,6.7
Hélène Fillières,6.1
Hülya Duyar,5.5
Hüseyin Avni Danyal,7.0
INFINITE,6.2
Iain McKee,7.1
Ian Ashpitel,7.1
Ian Bok,5.6
Ian Ho,5.4
Ian McElhinney,6.45
Ian McKellen,7.5
Ian Puleston-Davies,7.3
Ian Richardson,7.0
Ian Wright,7.9
Ibrahima Mbaye,6.7
Ibrahima Traore,6.7
Ida Husøy,5.1
Iddo Goldberg,6.1
Idris Elba,7.7
Iftekhar,4.6
Ignacia Allamand,4.8
Igor Augustho,6.9
Ikechukwu Onunaku,5.4
Iko Uwais,5.3
Ikuto Kanemasa,7.8
Ila Arun,6.8
Ileana D'Cruz,6.5
Ileana Puiu,6.6
Ilker Aksum,6.9
Ilkka Koivula,5.8
Ilse Crawford,8.4
Iman Benson,6.8
Ime Bishop Umoh,6.9
Imelda Corcoran,5.7
Imelda Staunton,7.1
Imraan Abbas,7.0
Imran Rasheed,6.9
Imran Tareen,7.0
Inanna Sarkis,5.15
Inas El Naggar,3.1
India de Beaufort,7.35
Indra Chandran,5.5
Indraneil Sengupta,4.25
Indrani Haldar,7.1
Indrani Mukherjee,4.6
Indrans,6.5
Indu Mohan Das,7.1
Indya Moore,5.4
Ingrid Guimarães,6.4
Ingrid Isensee,8.0
Ingrid Nilson,5.6
Ioan Gruffudd,5.4
Iravati Harshe,7.1
Irma Adlawan,6.7
Isaac C. Singleton Jr.,4.1
Isabel Brook,7.0
Isabel May,7.5
Isabela Moner,6.2
Isabella Acres,5.3
Isabella Amara,6.3
Isabella Gomez,5.3
Isabella Mancuso,5.8
Isaiah John,5.8
Isaiah Russell-Bailey,5.6
Isariya Patharamanop,7.0
Isha Talwar,8.2
Ishaan Khattar,6.5
Ishtiaque Zico,6.2
Ishtiyak Khan,2.8
Israel Elejalde,7.3
Issei Futamata,6.7
Ivan Leonardy,6.8
Ivan Shvedoff,8.4
Ivy Shao,8.5
Iván Marcos,7.3
Izzy G.,7.5
J. Michael Long,3.9
J.B. Smoove,5.0
J.K. Simmons,7.3
JP Karliak,6.4
Jack Angel,7.1
Jack Bence,7.4
Jack Binstead,7.4
Jack Cutmore-Scott,5.6
Jack De Sena,7.699999999999999
Jack Gilpin,6.8
Jack Hanke,6.7
Jack McBrayer,5.9
Jack McGee,6.8
Jack Murray,6.0
Jack Nicholson,7.0
Jack Tan,6.2
Jack Whitehall,6.4
Jackie Loeb,5.5
Jackie Radinsky,5.3
Jackie Sandler,6.0
Jackie Shroff,6.466666666666666
Jackie Tohn,6.199999999999999
Jackson Nicoll,6.3
Jackée Harry,5.6
Jacob Derwig,6.7
Jacob Neayem,6.4
Jacob Pitts,6.8
Jacob Tremblay,6.2
Jacob Vargas,5.3
Jacob Wysocki,5.8
Jacqueline Barba,6.8
Jacqueline Fernandez,3.75
Jacqueline Kim,6.2
Jada Pinkett Smith,6.4
Jade Olieberg,5.6
Jadwiga Jankowska-Cieslak,7.2
Jagan,3.2
Jagdeep,8.2
Jaheem Toombs,6.2
Jaideep Ahlawat,6.8
Jaime King,5.4
Jaime de Diego,6.7
Jake Abel,5.0
Jake Bickelhaupt,7.1
Jake Borelli,5.2
Jake Epstein,6.7
Jake Gyllenhaal,5.8
Jake Robinson,7.3
Jake Short,5.1
Jake Smith,5.1
Jalyn Hall,7.7
James Arnold Taylor,7.5
James Austin Kerr,6.5
James Blanco,6.8
James Caan,7.4
James Cavlo,3.2
James Cromwell,7.5
James Davis,6.0
James Franco,4.7
James Frecheville,6.2
James Hampton,5.7
James Marcus,8.3
James Maslow,6.4
James McAvoy,7.05
James Melville,7.5
James Moses Black,6.0
James Purefoy,8.0
James Reid,4.8
James Russo,5.5
James Stewart,6.5
James Toback,2.8
James Urbaniak,6.75
James Wen,6.7
James Wotherspoon,5.5
Jamie Bell,6.2
Jamie Brewer,8.0
Jamie Chung,6.6
Jamie Jacqueline Burns,5.9
Jamie VanDyke,4.3
Jamison Stern,5.6
Jane Bullock,7.8
Jane Horrocks,7.1
Jane Kaczmarek,5.9
Jane Krakowski,5.7
Jane Lynch,5.3
Jane Singer,6.0
Janet McTeer,7.3
Janet Moran,7.1
Jang Dong-gun,8.4
Jang Gwang,8.1
Janice Roman Roku,7.9
Janis Joplin,4.8
Janna Nick,3.6
Janni Goslinga,5.6
January Jones,6.3
Janus del Prado,6.8
Jared Abrahamson,4.7
Jared Harris,7.1
Jared Leto,7.6
Jasmin Brown,5.6
Jasmine Curtis-Smith,6.9
Jasmine Guy,5.7
Jasmine Kaur,5.7
Jason Alexander,7.5
Jason Bateman,8.7
Jason Cottle,6.5
Jason Deline,5.4
Jason Earles,5.2
Jason Macdonald,3.3
Jason Mantzoukas,8.0
Jason Mitchell,8.3
Jason Newman,5.6
Jason Patric,5.3
Jason Ralph,7.5
Jason Schwartzman,5.15
Jason Scott Lee,6.0
Jason Tham,6.9
Jason Tsou,7.85
Jason Wang,7.1
Jatin Goswami,5.4
Javed Jaffrey,8.4
Javed Sheikh,6.3
Javicia Leslie,5.6
Javier Gutiérrez,6.5
Jay Acovone,4.7
Jay Asher,7.9
Jay Hernandez,5.6
Jay Karnes,6.2
Jay Mohr,6.1
Jay O. Sanders,6.4
Jaya Bhaduri,8.0
Jayaram,7.1
Jayden Greig,4.6
Jean Reno,5.9
Jean-Édouard Bodziak,7.8
Jeanine Yang,8.7
Jeanne Goursaud,7.2
Jeanne Tripplehorn,6.9
Jeannette Sauksteliskis,6.1
Jeff Bennett,6.8999999999999995
Jeff Fahey,5.5
Jeff Gill,7.25
Jeff Roop,6.0
Jeffrey Tambor,8.7
Jeffrey Thomas,6.6
Jeffrey Wright,5.8
Jemaine Clement,5.8
Jen Tullock,5.9
Jenna Boyd,8.3
Jenna Elfman,7.0
Jenna Stern,6.6
Jennette McCurdy,6.0
Jenni Baird,6.0
Jennifer Beals,5.9
Jennifer Connelly,7.1
Jennifer Coolidge,5.9
Jennifer Damiano,6.7
Jennifer Dorogi,3.2
Jennifer Ehle,6.35
Jennifer Garner,5.7
Jennifer Ikeda,6.2
Jennifer Jason Leigh,8.3
Jennifer Lafleur,5.6
Jennifer Lien,8.5
Jennifer Lim,7.5
Jennifer Lopez,5.6
Jennifer Love Hewitt,7.8
Jennifer Marshall,4.1
Jennifer Morrison,5.3
Jennifer Pierce Mathus,5.3
Jennifer Robertson,8.7
Jennifer Waris,5.7
Jennifer Welts,5.6
Jenny Lewis,5.5
Jenny McCarthy,6.5
Jenny Pellicer,5.7
Jenny Slate,8.0
Jennylyn Mercado,5.4
Jens Albinus,7.2
Jeon Hye-bin,7.9
Jeong Jin-hwan,7.1
Jeong-hak Park,5.7
Jeremiah Sparks,5.2
Jeremy Allen White,6.1
Jeremy Jordan,5.7
Jeremy Miliker,7.2
Jeremy Parr,6.5
Jeremy Renner,6.550000000000001
Jeremy Sisto,5.6
Jerod Haynes,6.2
Jerry G. Angelo,4.1
Jerry Lambert,7.1
Jerry Seinfeld,5.75
Jess Weixler,5.4
Jessamine-Bliss Bell,4.9
Jesse Bostick,6.0
Jesse Carere,6.0
Jesse Eisenberg,6.1
Jesse Richman,6.2
Jesse Williams,6.6
Jessi Klein,8.0
Jessica Alba,5.4
Jessica Biel,5.3
Jessica Chastain,6.2
Jessica Clark,5.7
Jessica Hecht,6.15
Jessica Juarez,8.2
Jessica Lange,8.0
Jessica McManus,7.0
Jessica Parker Kennedy,7.6
Jessica Tovey,6.2
Jessica Walter,8.7
Jessie Flower,9.2
Jesús Carroza,6.6
Jhanvi Dwivedi,5.9
Jhilmil Hazrika,7.7
Ji Soo,8.0
Ji-a Min,7.9
Jia Zhengyu,5.7
Jiavani Linayao,6.1
Jidapa Siribunchawan,7.6
Jihane Khalil,6.8
Jill Eikenberry,5.7
Jill Hsu,7.2
Jill Killington,6.3
Jill Marie Jones,8.8
Jill Morrison,4.1
Jim Broadbent,7.1
Jim Caviezel,5.6
Jim Codrington,5.2
Jim Cummings,6.1
Jim Gleason,6.2
Jim Jefferies,5.4
Jim Meskimen,6.1
Jim Morrison,4.8
Jim Muñoz,6.7
Jim Norton,5.4
Jim Rash,7.5
Jim Sturgess,7.05
Jim True-Frost,7.3
Jim Watson,6.0
Jimi Hendrix,4.8
Jimmy Castro,5.3
Jimmy Sharma,5.9
Jimmy Shergill,8.1
Jimmy Tatro,8.2
Jin-mo Joo,8.0
Jip van den Dool,5.6
Jishu Sengupta,7.3
Jitendra Joshi,5.4
Jo Hye-joo,7.1
Jo Koy,5.4
JoBeth Williams,7.2
Joachim Bissmeier,6.5
Joan Chen,5.4
Joan Cusack,6.949999999999999
Joan Pera,7.3
Joanne Boland,5.9
Jocelyn Choi,6.0
Jodelle Ferland,4.0
Jodie Foster,7.3
Joe Anderson,6.1
Joe Chrest,5.0
Joe David Walters,4.4
Joe Dempsie,5.5
Joe Diaz,5.3
Joe Inscoe,5.7
Joe Keery,7.5
Joe Pantoliano,6.75
Joe Perrino,5.4
Joe Pingue,6.1
Joel Courtney,5.3
Joel Kinnaman,8.0
Joel McHale,6.8
Joel McVeagh,5.35
Joel Virgel,5.1
Joelle Carter,6.8
Joey Kern,5.1
Joey Lauren Adams,6.4
Joey Marquez,6.8
Johan Cruyff,7.3
Johann Dionnet,6.7
Johannah Newmarch,5.3
John Abraham,7.1
John Arcilla,6.5
John Barrowman,7.5
John Benjamin Hickey,7.0
John Buffalo Mailer,2.8
John C. Reilly,7.1
John Cho,5.4
John Cleese,5.5
John Cleland,5.9
John DeLuca,5.1
John DiMaggio,5.95
John Finnegan,6.9
John Fleck,6.0
John Gemberling,6.8
John Goodman,6.1
John Guerrasio,5.3
John Heard,5.7
John Kerry,5.8
John Krasinski,7.0
John Lloyd Cruz,6.75
John Malkovich,5.4
John Michael Higgins,5.2
John Mulaney,8.0
John Roohinian,7.2
John Schuck,3.9
John Sparkes,7.1
John Terry,5.8
John Turturro,6.3
John Witherspoon,5.9
John-Paul Howard,4.6
Johnny Baweja,3.1
Johnny Knoxville,6.3
Johnny Ortiz,7.8
Johnny Pemberton,6.0
Johnny Revilla,6.7
Johntae Lipscomb,6.0
Joko Anwar,7.1
Jolie Jenkins,7.5
Jon Gabrus,6.7
Jon Kortajarena,6.449999999999999
Jon Lovitz,4.933333333333333
Jon Osbeck,5.3
Jon Seda,6.6
Jon Stewart,6.4
Jonah Wineberg,5.4
Jonas Bloquet,6.2
Jonathan Adams,6.8
Jonathan Banks,8.7
Jonathan Boynton-Lee,6.6
Jonathan Holmes,5.7
Jonathan Keltz,5.8
Jonathan Kim,6.2
Jonathan Lipow,5.9
Jonathan Loughran,6.15
Jonathan Morgan Heit,6.0
Jonathan Park,6.4
Jonathan Pryce,6.0
Jonathan Rhys Meyers,6.5
Jonathan Silverman,4.1
Jonell Green,5.8
Jonny Lee Miller,5.5
Jonny Weston,5.3
Joo-hyuk Kim,7.4
Joonas Saartamo,5.8
Joong-hoon Park,8.0
Joosje Duk,6.7
Jordan Belfi,7.7
Jordan Calloway,5.6
Jordan Carlos,5.9
Jordan Fisher,8.0
Jordan Lane Price,6.7
Jordan Peele,8.0
Jordana Brewster,5.0
Jordi Mollà,6.6
Jordyn Raya James,5.6
Jorja Fox,4.5
Jose Guns Alves,2.6
Joseph Bou Nassar,6.7
Joseph Fiennes,8.0
Joseph Gordon-Levitt,7.6
Joseph Jovanovic,7.3
Joseph Millson,5.1
Joseph Simmons,4.3
Josephine Langford,5.15
Josh Brolin,8.4
Josh Charles,6.75
Josh Duhamel,7.3
Josh Epstein,5.9
Josh Gad,6.8
Josh Lai,4.6
Josh Lucas,7.6
Josh Mostel,6.4
Josh Pais,6.2
Josh Segarra,7.5
Josh Swickard,5.7
Joshua Garcia,6.8
Joshua Leonard,5.6
Joshua McGuire,7.8
Joshua Santana,4.1
Josiah Hogan,3.6
Josie Leung,7.2
Josie Loren,5.8
Josu Cubero,6.7
José Ramón Rosario,5.7
Joséphine Draï,6.7
Joséphine de La Baume,7.8
Jouji Nakata,6.5
Jourdy Pranata,6.8
Jowharah Jones,6.6
Joy Fernandes,2.8
Joy Gorman,7.9
Joy Mathew,6.0
Joy Pan,7.1
João Assunção,6.4
João Miguel,7.4
Juan Carlos Viana Prieto,5.2
Juan Dos Santos,5.9
Juan Millán,6.7
Juan Pablo Raba,5.0
Juan del Río,6.7
Juana Acosta,5.0
Juanita Ringeling,3.5
Juda Goslinga,6.7
Judah Nelson,5.7
Jude Akuwudike,7.7
Judith Barsi,6.8
Judith Hill,7.4
Judith Ivey,5.7
Judy Flynn,7.3
Judy Greer,6.85
Judy Reyes,6.5
Juhi Chawla,7.8
Julia Barretto,6.2
Julia Bicknell,7.9
Julia Davis,7.1
Julia Lea Wolov,6.0
Julia Marcan,1.7
Julia Reichert,5.2
Julian Feder,6.6
Juliana Harkavy,6.55
Julianne Moore,7.6
Julie Bowen,6.3
Julie Christiansen,7.2
Julie Cox,4.4
Julie Farenc,7.8
Julie Gonzalo,5.9
Julie Kay Lumasag,4.7
Julie Lancaster,5.7
Julie Lemieux,5.9
Julie Walters,7.3
Julieta Gullo,5.4
Julio César Herrera,3.6
Julio Icasuriaga,6.3
Julio Oscar Mechoso,6.9
Julio Sánchez Cóccaro,6.7
Julián Arango,4.0
Julián Cerati,3.6
Jun Fukuyama,6.45
Junchen Guo,6.1
Jung Hoon Lee,6.0
Jung So-min,8.1
Junichi Suwabe,5.5
Junko Minagawa,6.4
Junya Enoki,7.1
Justice Smith,6.5
Justin Chatwin,5.0
Justin Chon,5.8
Justin Claiborne,6.8
Justin Fletcher,6.9
Justin Hartley,5.6
Justin Kelly,6.0
Justin Prentice,7.9
Justin Ray,4.8
Justin Theroux,7.6
Justina Machado,6.5
Justine Simmons,4.3
Jyoti Amge,8.0
Jyoti Subhash,5.7
Jytte-Merle Böhrnsen,5.5
Jérôme Niel,6.7
Józef Pawlowski,6.5
K. Todd Freeman,6.449999999999999
K.C. Clyde,5.3
K.N. Singh,6.7
KARA,6.2
Kabir Bedi,4.3
Kabir Sajid,8.3
Kae Alexander,7.4
Kahyun Kim,5.6
Kai Ko,5.4
Kailash Waghmare,4.9
Kaitlin Doubleday,6.6
Kaitlyn Bernard,6.3
Kaito Ishikawa,6.800000000000001
Kal Penn,7.3
Kali Bannerjee,8.0
Kali Prasad Mukherjee,5.449999999999999
Kaliayh Rhambo,6.2
Kalilah Harris,4.8
Kama Kowalewska,7.2
Kamber Hejlik,6.3
Kamini Khanna,7.0
Kana Asumi,7.050000000000001
Kana Hanazawa,7.7
Kanan Gill,5.4
Kanchan Mullick,5.9
Kanehira Yamamoto,6.5
Kang Shin-il,7.9
Kang Ye-won,7.9
Kanika Shivpuri,6.9
Kanjana Vinaipanid,7.6
Kanlaya Lertkasemsup,6.3
Kanokchat Munyadon,6.3
Kanto Shimokura,6.7
Kaolip,8.1
Kaori Maeda,5.5
Kaori Nazuka,6.4
Kaoru Mizuhara,8.2
Kareena Kapoor,6.433333333333334
Karen David,5.2
Karen Gillan,8.4
Karen Holness,4.0
Karen Robinson,8.7
Karen Slater,5.1
Karen Williams,4.4
Karen-Lise Mynster,6.0
Kari Wahlgren,7.65
Karim Barras,7.8
Karimah Westbrook,6.35
Karina Maruyama,7.4
Karina Smirnoff,6.3
Karisma Kapoor,8.2
Karl Urban,5.7
Karla Estrada,4.8
Karly Rothenberg,8.2
Karra Elejalde,7.05
Karsten Gefle,6.2
Karthik A,7.7
Karuna Pandey,6.9
Kashmira Irani,4.9
Kate Bosworth,6.5
Kate Box,5.2
Kate Burton,5.5
Kate Flannery,6.7
Kate Harbour,6.9
Kate Henshaw-Nuttal,6.4
Kate Higgins,6.033333333333332
Kate Tsui,5.85
Kate Vernon,4.7
Kate Walsh,6.159999999999999
Kate Winslet,6.5
Kate del Castillo,6.1
Katee Sackhoff,4.7
Katelyn Epperly,5.7
Katerina Tannenbaum,7.5
Katherine Langford,7.75
Katherine McNamara,5.55
Katheryn Winnick,4.8
Kathleen Barr,6.2
Kathleen Gati,7.5
Kathleen Wilhoite,5.8
Kathrine Thorborg Johansen,5.1
Kathryn Bernardo,6.8
Kathryn Denning,4.7
Kathryn Erbe,6.3
Kathryn Hahn,5.6
Kathryn Joosten,6.0
Kathy Bates,7.05
Katia Horn,6.9
Katie Carr,6.8
Katie Cassidy,7.5
Katie Crown,7.3
Katie McGrath,6.4
Katiuscia Canoro,2.7
Katlego Danke,5.3
Katrin Pollitt,6.5
Katrina Kaif,6.4
Katrine Rosenthal,7.2
Katsuyuki Konishi,7.15
Kawin Manonukul,6.7
Kay Kay Menon,5.2
Kay Smith,6.6
Kayla Rybicka,5.5
Kazuhiko Inoue,6.4
Kazuhiro Yamaji,8.9
Kazuki Yano,7.2
Kazuki Yao,7.766666666666666
Kazumi Evans,6.1000000000000005
Kazuya Nakai,7.2
Kazuyuki Okitsu,5.95
Kean Cipriano,5.4
Keanu Chi,6.5
Kee Seymore,4.6
Keegan Connor Tracy,8.2
Keegan-Michael Key,6.5
Kei Shindo,5.9
Keiji Fujiwara,7.2
Keir Gilchrist,8.3
Keita Machida,7.7
Keith Cooper,5.1
Keith Powers,5.2
Kelcey Watson,3.8
Kelli O'Hara,6.5
Kelly Huang,7.1
Kelly Jenrette,5.8
Kelly Metzger,6.5
Kelly Sheridan,5.9399999999999995
Kemi Lala Akindoju,5.4
Ken Jeong,6.2
Ken Kaito,6.3
Ken Olin,5.7
Ken Page,6.8
Kendall Schmidt,6.4
Kenji Nojima,6.4
Kenji Yamauchi,6.5
Kenjiro Tsuda,6.550000000000001
Kenny Sebastian,5.4
Kensho Ono,6.4
Kenta Miyake,7.266666666666667
Kento Yamazaki,7.7
Kenya Barris,6.8
Kenyu Horiuchi,7.8
Keo Woolford,6.5
Keppy Ekpenyong,6.0
Keri Russell,6.0
Kerr Logan,7.8
Kerri Medders,7.5
Kerry Godliman,8.4
Kerry Gudjohnsen,6.7
Kerry Knuppe,5.7
Kerry Shale,7.1
Kerry Washington,5.800000000000001
Kevin B. McGlynn,5.6
Kevin Bacon,7.1
Kevin Cecil,7.1
Kevin Clash,7.6
Kevin Claydon,6.2
Kevin Conroy,6.4
Kevin Costner,6.2
Kevin Daniels,6.0
Kevin Eldon,7.1
Kevin Grevioux,7.5
Kevin Hart,5.4
Kevin Kilner,5.9
Kevin Makely,5.5
Kevin Michael Richardson,7.35
Kevin Nealon,6.3
Kevin O'Grady,4.0
Kevin Remington,5.3
Kevin Shen,5.4
Kevin Spacey,7.550000000000001
Kevin Zegers,5.7
Keythe Farley,6.2
Khadijha Red Thunder,5.15
Khairia Nazmi,6.2
Khalifa Albhri,5.3
Khalil Everage,6.4
Khalil Ramos,6.8
Kharaj Mukherjee,5.9
Khaya Mthembu,6.6
Kheiron,7.3
Khiyla Aynne,3.9
Khumbulani Kay Sibiya,5.4
Khurram Patras,6.3
Kia Stevens,8.0
Kian Lawley,6.5
Kiana Ledé,4.3
Kichu Tellus,8.0
Kid Ink,5.2
Kida Khodr Ramadan,5.5
Kiele Sanchez,6.2
Kierston Wareing,6.5
Kiku Sharda,7.3
Kim Byung-ok,8.1
Kim Coates,7.5
Kim Eui-sung,8.4
Kim Ga-eun,8.1
Kim Hawthorne,6.4
Kim Ji-seok,7.9
Kim Ji-won,8.4
Kim Kold,6.1
Kim Mee-kyeong,7.9
Kim Min-jong,6.0
Kim Min-seok,8.1
Kim Ok-vin,8.4
Kim Sa-rang,7.5
Kim Sang-jung,7.9
Kim Seon-ho,7.5
Kim Sun-young,8.1
Kim Sung-gon,7.1
Kim Yo-han,7.1
Kimberly Woods,5.9
Kimia Hosseini,8.3
Kimlinh Tran,7.9
Kinaryosih,6.6
Kira Tozer,5.8
Kiran Karmarkar,6.6
Kirill Käro,7.4
Kirill Polukhin,7.4
Kiron Kher,4.2
Kirsten Day,6.8
Kirsten Robek,4.6
Kirti Kulhari,6.8
Kisho Taniyama,8.9
Kishore Kadam,5.6
Kishori Balal,4.4
Kiti Mánver,5.3
Kiyohiko Shibukawa,7.3
Kobina Amissah Sam,7.7
Kohei Takeda,7.4
Koichi Yamadera,6.7
Koji Ishii,6.5
Koji Yakusho,7.4
Komegumi Koiwasaki,8.1
Korey Jackson,6.2
Kostja Ullmann,5.3
Kriengsak Hrientong,6.5
Kris Kristofferson,7.3
Kris Pearn,7.1
Kris Saddler,4.8
Krisha Kurup,7.3
Krista Allen,6.3
Kristen Bell,6.05
Kristen Schaal,8.0
Kristen Stewart,6.1
Kristin Booth,5.5
Kristin Lehman,8.0
Kristin Scott Thomas,5.4
Kristina Nicoll,5.1
Kristine Froseth,6.3
Kristín Thóra Haraldsdóttir,6.9
Kristoffer Polaha,4.6
Kristofor Brown,6.8
Kristy Swanson,6.4
Kriti Sanon,7.5
Kritika Sachdeva,2.1
Krystal Hope Nausbaum,6.0
Krzysztof Stroiński,7.2
Krzysztof Wach,6.8
Kulada Bhattacharjya,7.1
Kulbhushan Kharbanda,5.8
Kuljinder Sidhu,7.5
Kumar Natarajan,7.6
Kumkum Chouhan,6.9
Kumud Mishra,6.35
Kunaal Roy Kapur,5.8
Kunal Nayyar,7.4
Kunika Lall,6.7
Kura Forrester,5.7
Kurt Cobain,4.8
Kurt Egyiawan,7.7
Kurt Fuller,6.3
Kwang-hyun Park,5.7
Kwon Soo-hyun,7.5
Kyeong-yeong Lee,6.3
Kyle Dooley,5.9
Kyle Gallner,6.0
Kyle Mac,6.0
LaMonica Garrett,5.6
Laaibah Alvi,6.9
Lacey Chabert,6.0
Lady Gaga,8.0
Lai Kuan-lin,8.0
Laila Ali,4.7
Laila Fawzy,7.4
Laila Reyes Silberberg,6.3
Lakha Lakhwinder Singh,5.9
Lalit Tiwari,6.6
Lalor Roddy,6.5
Lam Suet,6.45
Lamar Johnson,6.5
Lambert Wilson,7.1
Lana Mushtak,5.3
Lance E. Nichols,5.6
Lance Reddick,6.4
Lane Bradbury,7.3
Lanette Ware,5.2
Lanuakam Ao,7.0
Lao Ai,7.6
Lara Dutta,6.1
Lara Pulver,6.4
Larissa Andrade,2.6
Larissa Manoela,2.7
Larry King,6.1
Larry Sullivan,5.7
Lars Eidinger,8.4
Lars Rudolph,6.5
Lassy Marquez,4.8
Laura Aikman,5.2
Laura Ann Kesling,6.0
Laura Birn,5.8
Laura Flannery,3.2
Laura Gerow,7.3
Laura Linney,7.1
Laura Marano,5.55
Laura Mitchell,3.9
Laura Morgan,5.1
Laura Post,5.9
Lauren German,7.4
Lauren Gilbert,7.8
Lauren Gottlieb,6.3
Lauren Lapkus,6.1
Lauren Lavoie,5.7
Lauren McNamara,4.6
Lauren Swickard,5.7
Laurence Fishburne,6.9
Laurence Fox,7.0
Laurence Olivier,7.4
Laurence Rupp,7.2
Laurie Holden,4.7
Laurie Metcalf,5.8
Law Kar-Ying,6.3
Lawrence Koh,4.6
Layla Hamadah,7.3
Layton Williams,7.4
Le Trung Hieu,7.6
Leah Rose Randall,4.3
Lee Dixon,7.9
Lee Do-gyeong,8.4
Lee Garlington,6.0
Lee Han-wi,7.9
Lee Hong-gi,8.1
Lee Jae-yoon,7.9
Lee Majors,5.4
Lee Min-ki,8.1
Lee Pil-mo,7.9
Lee Se-young,8.1
Lee Seung-gi,8.1
Lee Si-eon,7.5
Lee Sung-jae,7.5
Lee Wilkof,6.1
Leila Hatami,8.3
Leilah de Meza,6.4
Leilani Sarelle,7.0
Lelia Goldoni,7.3
Lena Lauzemis,7.1
Lenard Vanderaa,6.3
Leo Gregory,6.5
Leo Orgil,6.9
Leonardo DiCaprio,8.3
Leonie Benesch,8.4
Lepacious Bose,6.9
Leroy Gopal,5.3
Leslie Grossman,8.0
Leslie Jones,5.4
Leslie Mann,6.4
Levent Sali,5.35
Levi Miller,4.2
Levon Sharafyan,7.2
Lewis MacDougall,7.5
Lewis Pullman,5.7
Lexi Giovagnoli,4.949999999999999
Li Chung-lin,8.0
Li Ma,6.1
Li Yi Feng,6.5
Li Yongzhen,6.3
Liam Cunningham,5.8
Liam Hughes,4.1
Liam MacDonald,3.9
Liam McIntyre,5.3
Liam Neeson,7.5
Liana Liberato,6.25
Liana Ramirez,5.6
Liang Hsiu-shen,7.2
Liang Tian,6.7
Liev Schreiber,6.8
Likit Sittiphun,6.5
Lili Beaudoin,7.6
Lili Simmons,5.6
Lili Taylor,7.8
Lilimar,5.3
Lillian Blankenship,5.7
Lillian Doucet-Roche,5.3
Lilly Blacker,4.7
Lily Franky,6.7
Lily Rabe,8.0
Lin Laishram,7.0
Lin Mei-hsiu,7.1
Lin Shaye,5.9
Lin Wei Jun,7.2
Lina Larissa Strahl,4.8
Lina Renna,5.0
Lina Tejeiro,3.6
Lina Wendel,7.1
Lincoln Hoppe,5.0
Linda Ejiofor,6.4
Linda Emond,5.9
Lindiwe Zulu,7.4
Lindsay Burdge,5.6
Lindsay Duncan,7.8
Lindsay Torrance,5.1
Linnea Berthelsen,7.5
Linus Roache,8.3
Lionel Messi,7.3
Lior Raz,6.1
Lisa Arch,6.2
Lisa Fischer,7.4
Lisa Kudrow,6.3
Lisa Norton,5.1
Lisa Scenna,5.1
Lisa Smit,5.6
Lisa Teige,6.0
Lisa-Marie Koroll,4.8
Lisette St. Louis,5.9
Liu Kuan-ting,7.6
Liu Shumin,6.3
Liu Xiaoyi,6.2
Liu Ye,6.7
Liv Hewson,6.5
Liv Lisa Fries,8.4
Liv Ullmann,7.4
Liz Franke,6.9
Liza Lapira,7.05
Liza Soberano,6.9
Liza West,5.1
Lizzie Brocheré,8.0
Lizzie Waterworth,7.5
Lloyd Owen,5.2
Lo Hoi-pang,6.0
Lochlyn Munro,5.199999999999999
Logan Henderson,6.4
Logan Miller,6.5
Lola Metcalfe,7.1
Loni Anderson,6.55
Lonny Price,7.5
Lora Martinez-Cunningham,4.6
Lorenza Izzo,4.8
Lorenzo Zurzolo,8.0
Loreto Peralta,5.2
Loretta Devine,5.6
Lori Triolo,3.9
Lorita Meg,7.2
Lorna Scott,6.0
Lou Diamond Phillips,5.3
Lou Taylor Pucci,6.8
Lou Wilson,8.2
Loubna Abidar,5.6
Louis Held,4.8
Louis Hynes,6.8
Louis Koo,6.1000000000000005
Louis Mandylor,5.2
Louis-Do de Lencquesaing,6.1
Louise Fletcher,6.8
Louise Lombard,5.0
Louison Blivet,7.3
Loukia Ioannou,5.1
Lu Huiting,6.3
Luca Bogdan,1.7
Lucas Jade Zumann,8.0
Lucas Neff,5.5
Lucia Carolina Pecrul,5.4
Lucia Chen,5.1
Lucie Aron,6.3
Lucien Dodge,5.9
Lucy Boynton,6.3
Lucy Faust,6.0
Lucy Lawless,7.4
Lucy O'Connell,7.1
Lucía Jiménez,5.9
Ludovik,6.7
Luis Da Silva Jr.,5.0
Luis De La Rosa,5.2
Luis Dubó,3.5
Luis Eduardo Arango,3.6
Luis Fernando Hoyos,6.3
Luis Gerardo Méndez,5.8
Luis Guzmán,6.0
Luis Larrodera,7.3
Luis Tosar,6.55
Luke Coutts,1.5
Luke Grimes,5.5
Luke Kenny,8.3
Luke LaFontaine,6.5
Luke Norris,5.5
Luke Spencer Roberts,6.2
Luke Wilson,6.5
Luminita Gheorghiu,6.6
Luo Yunxi,8.4
Lupe Ontiveros,7.7
Lusia Strus,6.8
Luz María Jerez,5.5
Lydia Hearst,4.1
Lydia Rose Taylor,7.5
Lydia Wilson,7.8
Lyn May,6.9
Lynn Masako Cheng,5.4
Lynne Guaglione,6.3
Lynne Thigpen,6.3
M.L. Kwantip Devakula,7.0
MC Calaquian,4.8
Ma Dong-seok,7.9
Maceo Smedley,4.3
Maciej Musiał,6.8
Macy Drouin,6.9
Madan Puri,4.5
Madeleine Peters,6.5
Madeline Carel,5.9
Madeline Kahn,6.9
Madeline Leon,3.9
Madeline Weinstein,6.3
Madeline Zima,5.9
Madhavan,8.4
Madhavi,6.9
Madison Davis,6.3
Mae Whitman,9.2
Magda El-Khatib,7.3
Magdalena Lamparska,3.2
Maged El Kedwany,5.3
Maggie Grace,5.7
Maggie Gyllenhaal,5.8
Maggie Smith,7.0
Mahaley Patel,5.6
Mahendra Rabha,7.1
Mahesh Manjrekar,7.300000000000001
Mahia Zrouki,7.3
Mahie Gill,5.0
Mahima Nambiar,3.2
Mahmoud El Meleigy,7.4
Mahmoud Hijazi,6.8
Mahsun Kırmızıgül,5.8
Maia Morgenstern,6.2
Maiko,6.3
Maisie Benson,6.7
Majid Michel,6.9
Majid Shokor,6.9
Maki Tsuruta,8.1
Makiko Watanabe,7.3
Mako Iwamatsu,9.2
Makoto Awane,7.2
Makoto Furukawa,6.4
Makram Khoury,6.0
Malachy McCourt,7.1
Malavika Mohanan,6.5
Malcolm McDowell,8.3
Malcolm Treviño-Sitté,5.3
Malik Yoba,6.5
Malika,7.3
Malina Weissman,6.8
Mama Sane,6.7
Mamiko Noto,7.15
Mamoru Miyano,6.5
Manav Kaul,5.5
Manav Vij,8.3
Mandeep Dhillon,8.4
Mandy Grace,5.8
Mandy Moore,7.4
Mandy Patinkin,7.5
Mandy Teefey,7.9
Manie Malone,5.4
Manish Chaudhary,6.55
Manisha Koirala,6.6
Manjiri Pupala,5.4
Manoj Bajpayee,5.166666666666667
Manoj Joshi,7.0
Manoj Pahwa,8.2
Mansour Al Felei,1.5
Manu Bennett,7.5
Manu Rishi Chadha,8.0
Manuel Garcia-Rulfo,6.1
Manuel Morón,5.0
Manuela Couto,7.6
Manuela Oyarzún,8.0
Manuj Sharma,6.9
Mao Daichi,6.3
Marc Andréoni,6.2
Marc Balaguer,7.6
Marc Maron,5.4
Marc Riso,6.7
Marc Wootton,7.1
Marca Leigh,6.3
Marcel Szymanski,6.9
Marcelo Fernández Borsari,6.1
Marcial Tagle,6.4
Marco Masa,4.8
Marco Messeri,6.7
Marcus Chang,8.5
Marcus Lyle Brown,5.8
Mare Winningham,8.0
Margaret Cho,6.0
Margarita Valderrama,5.4
Margot Robbie,7.8
Maria Bamford,5.8
Maria Dinulescu,6.2
Maria Dizzia,5.9
Maria Isabel Lopez,6.8
Mariama Gassama,6.7
Mariana Amâncio,2.7
Mariana Cordero,5.3
Mariana Gómez,3.6
Mariana Klaveno,5.7
Marianne Jean-Baptiste,6.1
Maricel Soriano,6.5
Marie Avgeropoulos,7.6
Marie Kremer,5.9
Marie-Françoise Theodore,6.8
Marie-Julie Baup,7.8
Marina Inoue,7.65
Marina San José,7.3
Mario Duarte,6.7
Mario Horton,8.0
Mariola Fuentes,3.8
Marion Lambert,6.2
Marisa Tomei,6.3
Marissa Jo Cerar,7.9
Mark Boone Junior,4.7
Mark Camacho,7.3
Mark Cassius,6.3
Mark Cuban,6.3
Mark Hamill,6.4
Mark Ivanir,6.6
Mark Lee,4.6
Mark Lewis Jones,6.3
Mark O'Brien,6.1
Mark Rhino Smith,5.7
Mark Ruffalo,8.4
Mark Samual Bonanno,8.0
Mark Schneider,5.4
Mark Strange,6.5
Mark Strong,6.2
Mark Webber,6.3
Marko Dyrlich,7.1
Marla Adams,4.6
Marlon Moreno,5.2
Marlon Wayans,5.0
Marques Houston,5.8
Marsha Mason,6.3
Marta Belenguer,5.2
Marta Torné,3.8
Martha Higareda,8.0
Martha Scott,7.2
Martin Delaney,5.2
Martin Donovan,5.7
Martin Hancock,6.2
Martin Hutson,4.9
Martin Klebba,5.1
Martin L. Washington Jr.,6.0
Martin Landau,7.1
Martin Lawrence,6.75
Martin Luther,7.3
Martin Mull,6.8
Martin Seifert,4.8
Martin Shaw,6.2
Martin Sidel,7.6
Marton Csokas,5.5
Martín Reyes,6.1
Mary Elizabeth Winstead,5.449999999999999
Mary Jane Wells,5.7
Mary Pat Gleason,5.800000000000001
Mary Testa,5.7
Maryam Saleh,6.4
Maryke Hendrikse,5.9
María Alfonsa Rosso,3.8
María Cecilia Sánchez,3.6
María Noel Gutiérrez,6.1
María Paz Grandjean,8.0
María Pedraza,5.2
Masako Chiba,6.3
Masashi Sugawara,6.4
Masha Paur,6.7
Mason McCulley,5.6
Mason McNulty,5.3
Masoom Shankar,3.3
Mat Fraser,8.0
Matahi Drollet,6.2
Mateusz Kościukiewicz,6.8
Mateusz Łasowski,3.2
Matheus Moura,6.9
Mathew Horne,7.4
Mathias Wyss,6.2
Mathilde Lin,7.1
Mathilde Warnier,7.8
Mathis Touré,5.9
Matt Annetts,6.2
Matt Baram,5.9
Matt Berry,5.8
Matt Bomer,8.0
Matt Dallas,6.0
Matt Duffer,7.5
Matt Evans,6.8
Matt Frewer,7.6
Matt Lucas,6.8
Matt Ross,7.6
Matt Schichter,3.9
Matt Stone,6.5
Matt Walsh,6.8
Matthew Broderick,6.1
Matthew Espinosa,5.6
Matthew Goode,7.6
Matthew Gray Gubler,6.0
Matthew Lillard,5.3
Matthew Perry,6.4
Matthias Brandt,8.4
Matthias Habich,6.3
Matthias Schoenaerts,6.5
Matías Recalt,6.6
Maudy Koesnaedi,7.1
Maureen Mueller,5.7
Maurice LaMarche,7.5
Mavrick Moreno,5.6
Mawar de Jongh,6.8
Max Goudsmit,4.3
Max Mauff,7.2
Max Riemelt,6.3
Max Thieriot,8.2
Max von der Groeben,4.8
Maxim Roy,7.5
Maximilian Schell,7.4
Maxwell Jenkins,6.5
Maya Erskine,5.9
Maya Franzoi,3.9
Maya Rudolph,6.766666666666667
Maya Sarao,8.0
Maya Washington,6.0
Mayar El Gheity,3.1
Mayko Nguyen,5.5
Mayuko Kawakita,6.65
Mayumi Asano,6.4
McCaul Lombardi,7.0
Meagan Kimberly Smith,6.2
Medalion Rahimi,6.5
Meera Syal,5.2
Meg Otanwa,8.0
Megan Gay,7.2
Megan Sousa,6.4
Meghna Erande Joshi,6.9
Mehcad Brooks,5.9
Mehmet Günsür,7.0
Mehmood,8.2
Mei Kayama,7.3
Mel Fronckowiak,7.4
Melanie Griffith,6.1
Melanie Leishman,5.5
Melanie Lynskey,6.3
Melba Moore,6.8
Melis Birkan,7.3
Melisa Sözen,8.1
Melissa Benoist,6.0
Melissa Bolona,5.3
Melissa Bonne,5.2
Melissa Price,5.5
Melissa Sophia,4.4
Melonie Diaz,6.1
Melora Hardin,6.4
Mena Suvari,8.3
Mercedes Griffeth,6.2
Mercedes Morris,6.0
Mercy Johnson,5.3
Meredith Eaton,7.3
Merila Zare'i,8.3
Merin Jose Pottackal,8.0
Merry Clayton,7.4
Mert Aran,5.1
Mert Turak,4.9
Meryl Leigh,5.1
Metin Belgin,7.3
Metin Keçeci,4.4
Mia Matthews,5.6
Miao Ke-li,8.0
Micha Lescot,6.1
Michael Adam Hamilton,5.7
Michael Bates,8.3
Michael Beasley,6.0
Michael Bryan French,5.4
Michael Bublé,4.2
Michael Caine,6.800000000000001
Michael Cera,7.1
Michael Chandler,5.9
Michael Chiklis,8.0
Michael Cristofer,6.2
Michael D. Cohen,5.8
Michael Dobson,5.6
Michael Douglas,6.833333333333333
Michael Evans Behling,7.7
Michael Gaston,6.5
Michael Imperioli,6.9
Michael James Thomas,3.9
Michael Keaton,6.2
Michael Kenneth Williams,6.1
Michael King,4.949999999999999
Michael Kopsa,5.35
Michael Madsen,4.7
Michael Maertens,4.8
Michael Mando,8.7
Michael McElhatton,6.3
Michael McIntyre,5.4
Michael McKean,8.7
Michael Moriarty,6.4
Michael Palin,7.1
Michael Paré,5.25
Michael Pas,6.8
Michael Peña,5.766666666666667
Michael Rainey Jr.,6.9
Michael Rapaport,8.3
Michael Rivas,7.7
Michael Roark,5.8
Michael Shannon,6.6
Michael Sheen,6.3
Michael Stuhlbarg,6.55
Michael Welch,5.5
Michael Wincott,6.4
Michael York,6.599999999999999
Michael-Leon Wooley,7.5
Michaela Coel,5.5
Michaela McManus,7.5
Michaella Russell,5.4
Michalina Olszańska,6.8
Michel Bercovitch,2.7
Michel Gomes,7.4
Michela Luci,6.9
Michele Morrone,3.2
Michele Selene Ang,7.6
Michelle Buteau,5.5
Michelle Clunie,5.8
Michelle Deco,6.2
Michelle Gomez,7.4
Michelle Mitchenor,5.6
Michelle Mylett,7.5
Michelle Obama,6.0
Michelle Pfeiffer,7.0
Michelle Trachtenberg,6.4
Michelle Ye,6.9
Mick Jagger,7.4
Mickey Sumner,6.1
Miguel A. Núñez Jr.,5.3
Miguel Herrán,6.5
Miguel Perez,4.7
Mihaela Mihut,6.2
Mika Boorem,6.4
Mikael Persbrandt,6.5
Mikako Komatsu,6.45
Mike Epps,5.3
Mike Ghader,7.2
Mike Judge,6.8
Mike Myers,6.599999999999999
Mike O'Malley,6.1
Mike Paixao,4.7
Mike Vogel,8.2
Mikey Post,6.0
Mila Kunis,5.6
Miles Heizer,7.75
Miles Ocampo,6.7
Miles Richardson,6.4
Miles Teller,5.8
Miley Cyrus,5.5
Milind Shinde,7.0
Millie Bobby Brown,7.5
Milo Gibson,5.1
Mimi Rogers,7.0
Mina Farid,5.6
Minako Kotobuki,7.280000000000001
Mindy Kaling,4.2
Mindy Sterling,6.475
Mine Teber,5.5
Mini Tsai,8.5
Minissha Lamba,5.2
Minne Koole,5.6
Minori Hagiwara,7.3
Minoru Inaba,7.2
Miquel Fernández,6.6
Mira Sorvino,5.05
Mirai Shida,6.7
Miranda Cosgrove,4.5
Miranda Nolte,6.5
Mirei Kiritani,6.3
Mireille Maalouf,6.7
Mirella Pascual,6.949999999999999
Miriam Balderas,5.8
Miriam Karlin,8.3
Miriam Makeba,7.4
Misel Maticevic,8.4
Misha Ghoshal,7.6
Missy Peregrym,6.0
Misuzu Kanno,7.3
Mitch Ryan,6.3
Mithun Chakraborty,6.9
Mitsuaki Hoshino,7.8
Mitsuki Saiga,7.2
Mitsuru Ogata,8.2
Mittal Chouhan,6.9
Miyu Irino,8.2
Miyuki Sawashiro,7.7
Mizuki Yoshida,7.7
Mo McRae,5.7
Mo Tzu Yi,7.1
Mo Zhou,6.1
Mo Zinal,5.1
Moe Dunford,7.1
Mohamed Akhzam,7.4
Mohamed Henedi,4.9
Mohamed Mounir,7.3
Mohamed Ramadan,3.1
Mohamed Sherif Hassan,4.9
Mohamed Soliman,3.1
Mohammad Abu Diak,1.5
Mohammed El Sadaany,4.9
Mohammed Zeeshan Ayyub,8.2
Mohan Agashe,6.35
Mohan Joshi,6.7
Mohit Bhaskar,5.7
Mohit Raina,8.3
Mohsen Mansour,4.3
Mohsen Mohiedine,7.35
Moksha Kushal,7.7
Molly McMichael,5.6
Molly Parker,6.3
Molly Shannon,6.3
Momo Yeung,5.4
Mona Ambegaonkar,5.35
Mona Hammond,5.1
Mona Singh,8.4
Mona Wassef,7.5
Monet Mazur,6.65
Moni Moshonov,6.0
Monica Mok,6.9
Monica Potter,6.4
Monique Chaumette,6.5
Monisha Ram,3.3
Montse Hernandez,7.2
Montse Pla,5.3
Montserrat Marañón,5.2
Monty Don,8.1
Moo-Yul Kim,8.0
Moon Hee-kyung,8.1
Morakot Liu,7.4
Morgan Fairchild,5.7
Morgan Freeman,6.333333333333333
Morgan Neundorf,5.1
Morwenna Banks,6.5
Mos Def,6.6
Motlatsi Mafatshe,5.3
Moumita Talukdar,7.1
Mountain Kao,7.2
Moustapha Oumarou,6.6
Ms. Pat,5.4
Mu Xuan Cheng,6.1
Mugihito,6.7
Muhadkly Acho,6.4
Muharrem Gülmez,5.2
Mukesh Khanna,5.4
Mukesh Tiwari,6.766666666666667
Mukhtar Khan,4.3
Mukul Dev,8.3
Murad Ali,7.0
Murli Sharma,6.55
Murphy Guyer,5.7
Musa Uzunlar,8.1
Mustafa Sandal,5.8
Mutsumi Tamura,8.2
Mwaura Bilal,6.8
Mya Lewis,5.5
Myra J.,5.8
Mélanie Laurent,6.1
Müfit Can Saçıntı,4.9
Müjde Uzman,6.9
M・A・O,6.4
Na Wei-hsun,5.1
Nacho Fresneda,5.2
Nadine Lustre,4.8
Nadine Nassib Njeim,7.5
Nadir Sarıbacak,8.1
Nafisa Ali,4.3
Nagesh Kukunoor,7.449999999999999
Naglaa Fathi,7.4
Nagshree Karkone,7.7
Nakia Burrise,6.75
Nalin Hohler,6.3
Nam Da-Reum,6.0
Nam Ji-hyun,7.5
Nam Ron,3.6
Namit Das,8.0
Namkoong Min,7.3
Nana Lee,8.7
Nana Patekar,7.0
Nandita Das,5.6
Nandita Patkar,8.6
Nandita Swetha,7.8
Nao Toyama,6.4
Naomi Grossman,8.0
Naomi Watts,6.050000000000001
Naoto Kobayashi,7.8
Naphon Phromsuwan,6.7
Nargis Fakhri,5.8
Narupornkamol Chaisang,7.15
Naseeruddin Shah,7.5
Nassar,8.2
Natali Yura,7.1
Natalia Dyer,7.5
Natalia Mann,5.7
Natalia Tena,6.166666666666667
Natalie Krill,5.5
Natalie Portman,6.0
Natalie Pérez,6.7
Natasha Goodman,5.4
Natasha Lyonne,6.8
Natasha Sinha,7.0
Natasha Yarovenko,4.8
Natassia Malthe,5.2
Natasza Urbańska,3.2
Nate Mooney,7.3
Nate Theis,6.1
Nathalie Boltt,5.8
Nathan Anderson,4.3
Nathan Gamble,7.4
Nathan Jones,3.0
Nathanael Baring,5.1
Nathania Angela Widjaja,7.1
Natsuki Hanae,6.7
Nattapol Diloknawarit,6.7
Nauheed Cyrusi,6.6
Navid Negahban,6.2
Navneet Nishan,6.4
Nawarat Techarathanaprasert,6.7
Nayantara,5.6
Nayobe Nzainab,2.7
Neal McDonough,6.3
Necati Bilgiç,5.1
Neelam,6.9
Neena-Sinaii Simpo,6.7
Neerja Naik,4.8
Neetu Singh,6.5
Neha Chauhan,4.3
Neha Dhupia,4.2
Neha Pawar,7.5
Nehemiah Persoff,6.466666666666666
Neil Patrick Harris,6.8
Nell Carter,5.8
Nermin Maher,3.1
Nesta Cooper,5.15
Nestor Carbonell,8.2
Nestor Serrano,6.7
Neta Riskin,6.0
Neven Madi,5.3
Neville Archambault,4.85
New Michael Ingemi,6.7
Ng Siu-hin,6.0
Nia Fairweather,5.4
Nia Peeples,6.0
Nic Sheff,7.9
Nichaphat Chatchaipholrat,7.6
Nicholas Campbell,6.0
Nicholas Hoult,7.3
Nicholas Hutchison,7.0
Nicholas Lea,6.5
Nicholas Nkuna,6.6
Nicholas Pryor,5.7
Nicholas Saputra,7.3
Nicholas Teo,8.0
Nick Ferraro,6.6
Nick Frost,7.8
Nick Kroll,8.0
Nick Mathews,2.8
Nick Moran,6.5
Nick Nolte,6.050000000000001
Nick Offerman,7.8
Nick Swardson,5.7
Nick Whitaker,5.0
Nicki von Tempelhoff,7.2
Nico Antonio,5.4
Nicola Peltz,8.2
Nicolas Anelka,6.4
Nicolas Berno,6.7
Nicolas Cage,4.1
Nicolas Lumbreras,6.7
Nicole Brydon Bloom,5.8
Nicole Byer,6.1
Nicole Ishida,6.3
Nicole Oliver,6.125
Nicole Sougou,6.7
Nicole Sullivan,6.4
Nicole Theriault,6.7
Nicolás Durán,8.0
Nicolás Martínez,4.8
Nida Patcharaveerapong,6.7
Nidhi Mahavan,3.4
Nidia Telles,7.6
Niels Schneider,6.4
Nien Hsuan Wu,8.7
Nigel O'Neill,6.5
Nigel Pegram,6.8
Nihal Yalçın,5.1
Niharica Raizada,5.9
Nijiro Murakami,7.7
Nik Dodani,7.300000000000001
Nikita Ramsey,3.2
Nikki Glaser,5.4
Nikki Runeckles,7.4
Niko Guardado,6.8
Nikolai Kinski,6.35
Nikolaj Lie Kaas,6.7
Nina Pearce,4.7
Nina Wadia,5.2
Nine Muses,6.2
Ninik Winarni Utomo,7.1
Niraj Sah,3.1
Nirina Zubir,6.4
Nirmal Rishi,7.2
Nirmiti Sawant,4.4
Nirupa Roy,6.5
Nishat Mallick,3.4
Nishikant Kamat,7.6
Nithiyia Rao,5.5
Nitin Reddy,4.65
Nivetha Pethuraj,7.1
Noah Britton,6.7
Noah Dyer,3.9
Noah Gerry,4.3
Noah Reid,8.7
Noah Schnapp,7.5
Noble Willingham,5.7
Nobuaki Kaneko,7.7
Nobuhiko Okamoto,7.8
Nobunaga Shimazaki,6.7
Nobuyuki Katsube,7.8
Nolan Gould,5.3
Nolan North,6.4
Nomzamo Mbatha,5.3
Nonie Buencamino,6.9
Nontanun Anchuleepradit,7.0
Noorin Sha,6.3
Nora Navas,6.6
Nour El-Sherif,7.3
Noureen DeWulf,5.6
Nozomi Kameda,7.2
Nozomu Sasaki,6.4
Nse Ikpe-Etim,5.3
Nuno Lopes,5.6
Nupur Alankar,6.9
Nuttapong Boonyuen,7.6
Nylon Chen,7.9
Néstor Guzzini,6.3
O.C. Ukeje,8.0
Octavio Michel,6.0
Ogie Banks,5.6
Oh Man-seok,7.9
Oh Yeon-seo,8.1
Ohad Knoller,6.0
Oka Antara,7.3
Ola Rapace,6.1
Ole Lemmeke,7.2
Oleg Taktarov,5.2
Olga Breeskin,6.9
Olga Lomonosova,7.4
Olga Lydia,7.1
Olimpia Melinte,5.35
"Oliver ""Power"" Grant",2.8
Oliver Dennis,5.9
Oliver Steer,7.5
Olivia Burnette,5.7
Olivia Cooke,8.2
Olivia Horton,6.2
Olivia Molinaro Eijo,6.1
Olivia Thirlby,7.1
Olivier Claverie,5.9
Om Puri,4.2
Omar Epps,4.5
Omar Ghazaoui,7.3
Omar Sharif,5.1
Omar Sy,5.050000000000001
Omari Newton,6.1
Omi Vaidya,8.4
Omkar Das Manikpuri,5.6
Omoni Oboli,6.2
Omowunmi Dada,5.4
Oona Chaplin,6.3
Oona Laurence,5.4
Oprah Winfrey,5.65
Orhan Güner,5.1
Osamah Sami,6.9
Oscar Butler,7.1
Oscar Isaac,7.0
Oscar Serrano,6.0
Osman Khalid Butt,6.3
Osqui Guzmán,6.6
Otar Saralidze,3.2
Otoja Abit,5.4
Otto Jespersen,5.1
Ouchi Akane,7.8
Oussama Nadir,7.3
Oviya,3.3
Oweiss Mkhallalati,7.5
Owen Joyner,6.2
PJ McCabe,5.1
Pablo Schreiber,5.1
Pablo Schwarz,8.0
Pablo Tate,6.3
Paco León,5.0
Padam Mishra,6.4
Padma Khanna,4.6
Paige Chua,7.3
Paintal,8.0
Pakoda Pandi,4.4
Pamela Anderson,4.2
Pamela Blair,6.8
Pamela Nomvete,6.6
Pamelyn Chee,5.3
Panissara Phimpru,7.2
Pankaj Tripathi,7.5
Paoli Dam,6.5
Paradorn Srichaphan,5.5
Paramej Noiam,6.7
Paran Banerjee,5.9
Paras Arora,5.2
Pardeep Sran,7.5
Paresh Rawal,7.125
Paris Berelc,7.5
Park Bo-young,7.5
Park Byung-eun,8.25
Park Hae-Jin,7.9
Park Hae-joon,8.4
Park Ji-won,7.1
Park Shin-hye,6.2
Parker Jackson Cartwright,6.5
Parker Mack,5.8
Parker Young,6.7
Parmeet Sethi,6.1
Parminder Ghumman,6.9
Parveen Babi,6.5
Pascale Matar,1.5
Pasi Ruohonen,6.3
Pasin Kuansataporn,7.6
Pasupathy,5.6
Pat Kinevane,7.1
Pat Musick,6.0
Paterson Joseph,5.5
Patricia Arquette,4.8
Patricia Calisaya,5.0
Patricia Clarkson,5.6
Patricia De Leon,6.8
Patricia Zentilli,5.1
Patricio Castillo,5.5
Patricio Contreras,6.6
Patrick Criado,6.5
Patrick Davis,5.2
Patrick Diabuah,6.8999999999999995
Patrick Doyle,6.7
Patrick Fabian,8.7
Patrick Garrow,6.6
Patrick Magee,8.3
Patrick St. Esprit,5.3
Patrick Warburton,6.8
Patrick Wilson,5.5
Patrick d'Assumçao,5.2
Patrik Nökkvi Pétursson,6.9
Patsy Garrett,5.2
Patton Oswalt,5.4
Pau Gasol,7.3
Paul Amato,5.9
Paul Anderson,5.8
Paul Bettany,8.4
Paul Blackthorne,7.5
Paul Braunstein,5.9
Paul Butler,7.6
Paul Campbell,5.3
Paul Dillon,7.0
Paul Dobson,5.6
Paul F. Tompkins,8.0
Paul Farrell,8.3
Paul Giamatti,6.35
Paul Gross,7.8
Paul Higgins,6.3
Paul Kalkbrenner,7.2
Paul Killam,6.7
Paul Logan,4.1
Paul Mason,5.1
Paul Merson,7.9
Paul Regina,7.2
Paul Reiser,7.5
Paul Rodriguez,5.9
Paul Rudd,7.7
Paul Shaffer,5.5
Paul Sidhu,3.8
Paul Sorvino,6.05
Paul Sparks,6.1
Paul Sun-Hyung Lee,6.9
Paul Walter Hauser,6.4
Paul Wilson,5.7
Paula Cohen,6.4
Paula Paul,6.5
Paula Rhodes,7.3
Paula Scher,8.4
Paulette Lamori,7.6
Paulina Andreeva,7.4
Pauline Deshons,6.7
Pavadee Komchokpaisan,6.7
Pavel Vorontsov,7.4
Pavleen Gujral,7.0
Pawan Chopra,6.6
Pawan Singh,8.3
Payman Maadi,6.1
Paz Bascuñán,4.8
Paz Vega,4.75
Pearl Okorie,5.4
Pedro Ruminot,3.5
Peggy Tseng,6.7
Peijia Huang,7.9
Penelope Ann Miller,7.1
Penelope Mitchell,4.1
Penpak Sirikul,7.0
Pepa Charro,5.3
Pepón Nieto,5.3
Percy Hynes White,5.75
Perdita Weeks,6.2
Pere Ponce,7.3
Perry Fitzpatrick,5.1
Pete Postlethwaite,5.5
Peter Baynham,7.1
Peter Breitmayer,7.0
Peter Coyote,6.85
Peter Cugno,5.9
Peter Facinelli,7.3
Peter Ferriero,6.6
Peter Gallagher,6.3999999999999995
Peter Gerety,7.0
Peter Gilroy,5.2
Peter Ho,8.7
Peter Jaymes Jr.,6.0
Peter Kelamis,5.9
Peter Ketnath,5.2
Peter Kurth,7.75
Peter Mel,6.2
Peter Michael Goetz,5.7
Peter Oldring,5.1
Peter Ritchie,5.6
Peter Schneider,7.15
Peter Serafinowicz,5.5
Peter Stormare,6.6
Peter Vack,5.6
Peter Yu,6.2
Peyman Moaadi,8.3
Phellyx Moura,2.7
Phil Collins,7.1
Philip Baker Hall,7.6
Philip Glasser,6.5
Philip Granger,3.9
Philippe Akiki,6.7
Phillip Glasser,6.9
Phoenix,5.5
Phylicia Rashad,5.9
Phyllida Law,6.5
Pia Mia,5.15
Pierfrancesco Favino,6.7
Pilot Paisley-Rose,5.1
Pimchanok Leuwisetpaiboon,6.5
Piper Perabo,6.4
Pippa Haywood,6.3
Pippa Mackie,5.1
Pitcho Womba Konga,6.7
Platon,8.4
Pol Monen,5.2
Pom Klementieff,8.4
Pongkool Suebsung,4.7
Pongsatorn Jongwilak,4.7
Ponlawit Ketprapakorn,6.7
Pooja Hegde,7.1
Pooja Ramachandran,7.6
Poonam Basu,4.8
Poonam Chitale,7.1
Portia de Rossi,8.7
Prabhu Deva,6.15
Prachi Desai,5.8
Pradeep Kalipurayath,7.6
Pran,6.5
Prasad Oak,8.6
Prasenjit Chatterjee,7.1
Prashantt Guptha,5.9
Pratap Phad,7.6
Prateeksha Lonkar,7.1
Prateik,6.2
Preechaya Pongthananikorn,4.7
Preeyada Sitthachai,6.3
Prem Chopra,4.5
Prem Nath,6.7
President Barack Obama,5.2
Preston Nyman,7.3
Prince Kanwaljit Singh,5.7
Princesa Yamal,6.9
Prithviraj Sukumaran,4.4
Priya,4.3
Priya Marathe,6.9
Priyanka Bose,4.9
Priyanka Chopra,7.35
Priyanka Kothari,2.8
Priyanka Sarkar,5.9
Priyanshu Chatterjee,4.9
Priyanshu Painyuli,7.6
Pruitt Taylor Vince,6.3
Pujitha Ponnada,7.8
Pulkit Samrat,4.5
Punit Pathak,6.3
Puri Hiranyapluek,5.5
Puru Chibber,3.1
Pushkar Shrotri,7.7
Puttachat Pongsuchat,4.7
Qi Shu,6.7
Queen Wei,7.0
Quincy Fouse,4.3
R.H. Thomson,8.7
R.V. Udhaykumar,6.0
RJ Fetherstonhaugh,6.2
Raayo S. Bakhirta,5.3
Rachael Harris,5.4
Rachael Taylor,6.4
Rachel Harrison,6.1
Rachel McAdams,7.8
Rachel Resheff,5.6
Rachel Roberts,6.1
Rachel Weisz,7.0
Radek Lord,5.3
Radhika Apte,7.45
Rae Latt,4.8
Rafael De La Fuente,7.1
Rafael Lozano,7.4
Rafael Spregelburd,5.4
Rafał Zimowski,7.2
Ragaa Hussein,6.949999999999999
Raghav Dutt,6.9
Raghuvir Yadav,5.95
Rahman,7.8
Rahul Gautam Sarma,7.1
Raima Sen,5.9
Rainer Reiners,6.5
Raj Babbar,5.4
Raj Bajaj,5.35
Raj Labade,5.2
Raj Premi,4.3
Rajat Kapoor,8.0
Rajeev Khandelwal,7.7
Rajeev Verma,2.8
Rajendranath Zutshi,6.4
Rajesh Khanna,8.0
Rajesh More,7.0
Rajesh Sharma,6.1
Rajeshwari Sachdev,6.8
Rajit Kapoor,6.8
Rajiv Pathak,5.3
Rajkummar Rao,7.5
Rajneesh Duggal,4.6
Rajpal Yadav,6.125000000000001
Rajshri Deshpande,7.0
Rajvir Boparai,7.5
Rakesh Chaturvedi Om,3.4
Ralph Gilles,8.4
Ralph Ineson,6.3
Ralph Macchio,6.3
Ramesh Bhat,7.7
Ramona Marquez,7.1
Ramzy Bedia,5.4
Ramón Llao,4.8
Rana Ranbir,7.5
Ranbir Kapoor,7.25
Randa El Behery,3.1
Randall Newsome,5.0
Randall Park,7.0
Randhir,6.7
Randhir Kapoor,4.2
Randy Couture,7.1
Randy Havens,7.5
Rani Mukerji,4.4
Rannvijay Singh,4.2
Rashida Jones,6.15
Rashmika Mandanna,6.5
Rasika Dugal,2.8
Rasika Joshi,7.3
Rasmus Bjerg,7.2
Ratnawati Sutandar,7.1
Rauno Ahonen,6.3
Raveena Singh,6.4
Raveena Tandon,8.2
Raven-Symoné,7.5
Ravi Babu,4.3
Ravi Baswani,5.2
Ravi Cabot-Conyers,6.8
Ravi Goswami,6.9
Ravi Kale,2.8
Ravi Khanwilkar,6.8
Ravi Kumar,3.4
Ravi Patel,4.1
Ravi V. Patel,6.6
Ravidev Singh,5.9
Ray Fearon,4.4
Ray Liotta,5.699999999999999
Ray Panthaki,6.6
Ray Santiago,8.8
Ray Wise,6.4
Ray Yang,8.5
Razmik Mansuryan,7.2
Razvan Vasilescu,4.5
Raúl Villegas,5.8
Rebecca Husain,6.266666666666666
Rebecca Liddiard,7.8
Rebecca Silvera,5.3
Rebecca Staab,5.7
Rebekah Asselstine,5.1
Rebekah Graf,5.2
Reena Aggarwal,6.9
Reese Witherspoon,5.9
Reeth Mazumder,3.1
Refal Hady,6.8
Regina Cassandra,7.8
Regina King,6.85
Regina Taylor,5.8
Reiner Schöne,7.1
Rekha,6.5
Rekiya Ibrahim Atta,6.4
Rendi Jhon,6.8
Renee Lim,6.6
Renee Stein,5.1
Reni Santoni,6.1
Renuka Daftardar,7.0
Renée Elise Goldsberry,8.0
Renée Soutendijk,6.8
Renée Zellweger,6.1
Reshma Rajan,8.0
Retta,6.6
Revathi,8.2
Revathy,6.9
Rez Kempton,5.2
Rhea Seehorn,8.7
Rhenzy Feliz,6.5
Rhys Darby,7.1
Ricardo Gómez,6.5
Ricardo Nkosi,5.3
Ricardo Pereira,7.6
Riccardo Mandolini,8.0
Ricci Chan,6.8
Rich Fulcher,7.1
Rich Hall,7.1
Richard Alan Reid,5.2
Richard Ashton,5.35
Richard Cabral,7.8
Richard Cordery,7.8
Richard Elfyn,6.3
Richard Grieco,6.3
Richard Griffiths,6.0
Richard Kind,6.15
Richard Lawson,5.6
Richard Lee,6.4
Richard Lukunku,5.3
Richard Manabat,6.9
Richard Masur,7.2
Richard Mofe-Damijo,5.3
Richard Pepple,7.7
Richard Roundtree,5.6
Richard Sammel,6.2
Richard Spencer,5.9
Richie Ren,6.9
Rick Glassman,6.8
Rick Gonzalez,7.5
Rick Miller,5.1
Ricky Davao,6.8
Ricky Garcia,4.0
Ricky Gervais,8.4
Rifka Lodeizen,6.15
Riisa Naka,7.7
Rika Ishige,7.0
Rikiya Koyama,7.366666666666667
Riley Keough,7.0
Rina Inoue,8.1
Rina Sa,6.7
Rina Satou,6.5
Rinko Kikuchi,7.4
Rio Mangini,5.3
Risa Mizuno,7.9
Rishi Kapoor,6.5
Rita Lengyel,7.2
Rita Rani Kaul,7.3
Riteish Deshmukh,4.5
Ritesh Rajan,6.199999999999999
River Huang,7.0
Rizwan Manji,8.7
Roan Curtis,6.5
Rob Estes,5.0
Rob Fuller,6.8
Rob Huebel,5.4
Rob Lowe,6.6
Rob Riggle,6.5
Rob Schneider,6.2
Rob Tinkler,5.5
Rob Zabrecky,6.9
Robbie Amell,6.4
Robbie Coltrane,7.1
Robbie Daymond,5.9
Robbie Rist,7.1
Robert Agengo,6.8
Robert Capron,5.6
Robert Clotworthy,7.3
Robert Downey Jr.,8.4
Robert Forster,5.9
Robert Hara Gaeb,7.0
Robert Hays,6.0
Robert Kelly,5.4
Robert Patrick,5.8
Robert Portal,6.2
Robert Racki,6.6
Robert Redford,7.4
Robert Stack,6.8
Robert Tinkler,5.9
Robert Vaughn,6.5
Robert Wagner,6.599999999999999
Robert Więckiewicz,6.8
Roberto Farías,8.0
Roberto Vallejos,6.6
Robin Atkin Downes,6.4
Robin Boissevain,5.6
Robin McLeavy,6.0
Robin Wright,6.2
Rod Paradot,6.4
Rodney Afif,6.9
Rodolfo Valente,7.4
Rodrigo Salinas,3.5
Rodrigo de la Serna,5.0
Roger Craig Smith,7.2
Roger Narayanan,8.2
Rohan Joshi,7.0
Rohan Mobarsa,6.9
Rohan Vinod Mehra,6.6
Rohini Hattangadi,6.9
Rohit Chaudhury,7.5
Rohit Mittal,5.9
Rolan Bykov,4.5
Rolf Peter Kahl,7.2
Romain Lancry,6.7
Romi Park,8.9
Romina Peluffo,6.3
Ron Howard,8.7
Ron Moody,5.2
Ron Perlman,6.0
Ronald Zehrfeld,7.2
Ronit Roy,6.9
Ronjini Chakroborty,5.9
Ronke Adekoluejo,5.5
Rooney Mara,6.9
Roopesh Kumar,5.2
Roos Dickmann,5.6
Rorke Denver,6.5
Rosa Romay,6.7
Rosamund Pike,8.0
Rosanne Mulholland,6.4
Rose McIver,5.5
Rose Siggins,8.0
Roselyn Sanchez,6.5
Rosemarie DeWitt,6.1
Rosemary Shrager,5.6
Ross Butler,7.6
Ross Duffer,7.5
Ross O'Hennessy,6.3
Rossy Mendoza,6.9
Rotem Keinan,6.0
Rowan Blanchard,4.2
Rowell Santiago,6.7
RuPaul Charles,7.5
Ruby Dee,5.9
Ruby O. Fee,4.8
Ruby Ruiz,6.5
Rudklao Amratisha,6.7
Rufus,5.9
Rui En,7.3
Rukshar Dhillon,6.1
Rupa Ganguly,8.1
Rupert Degas,5.9
Rupert Penry-Jones,6.5
Rupinder Roopi,7.5
Russell Brand,5.85
Russell Hodgkinson,5.8
Russell Hornsby,5.4
Russell Mercado,5.8
Russell Peters,5.466666666666666
Rutger Hauer,5.8
Ruth Bradley,6.3
Ruth Negga,7.1
Ruth Vega Fernandez,6.1
Rutina Wesley,6.3
Ryan Allen,6.0
Ryan Bang,4.8
Ryan Baumann,4.1
Ryan Corr,6.9
Ryan Devlin,6.5
Ryan Gaul,6.1
Ryan O'Neal,7.4
Ryan Pierce,6.2
Ryan Reynolds,6.949999999999999
Ryan Robbins,5.2
Ryan Simpkins,7.6
Ryo Hirohashi,6.4
Ryo Kato,7.4
Ryohei Kimura,7.7
Ryota Osaka,8.9
Ryota Takeuchi,6.4
Ryotaro Okiayu,6.4
SR Leela,8.2
Sabri Abdulmonem,3.1
Sabrina Klüber,5.5
Sachin Khedekar,7.25
Sachin Mondkar,7.0
Sadaf Kanwal,6.3
Sadia,7.0
Sadie Sandler,6.0
Sadie Sink,7.4
Sadiya Siddiqui,6.9
Saga Alyasery,1.5
Sahabanu Zolghadr,8.3
Sahajak Boonthanakit,7.6
Said Faraj,4.1
Said Tarchani,7.4
Saidi Balogun,6.7
Saif Ali Khan,6.4
Sajid Hasan,7.0
Sajith Nampiyar,6.5
Saki Fujita,8.9
Sakura Ando,7.8
Sal Rendino,2.6
Salamina Mosese,6.6
Salman,6.3
Salman Khan,8.2
Sam Claflin,6.6
Sam Eidson,6.0
Sam Gittins,4.8
Sam Golzari,6.8
Sam Heughan,6.4
Sam Jay,5.4
Sam Jones III,3.9
Sam Louwyck,6.7
Sam Neill,6.0
Sam Robards,8.3
Sam Robert Muik,3.9
Sam Sarpong,6.3
Sam Trammell,5.9
Sam Upton,4.7
Sam Vincent,5.1
Sam Vincenti,5.2
Sam Waterston,6.1
Samantha Kim,6.2
Samantha Ko,7.6
Samantha Logan,7.7
Samantha Mathis,7.6
Samantha Munro,6.0
Samantha Ruth Prabhu,5.0
Sambasa Nzeribe,5.4
Sami Hifny,6.2
Sami Nasser,5.5
Samir Soni,6.1
Sammo Kam-Bo Hung,6.3
Sammy Obeid,5.7
Sampath Raj,6.5
Samuel Anderson,5.0
Samuel L. Jackson,5.4
Samuel Larsen,5.15
Samuthirakani,7.3
Sanaa Lathan,6.2
Sananthachat Thanapatpisal,4.7
Sandeep Kaur Sandy,5.9
Sandhya Mridul,7.0
Sandra Bullock,6.1
Sandra Oh,5.4
Sandro Demaio,6.6
Sandy Robson,4.6
Sanghmitra Hitaishi,2.1
Sani Mu’azu,6.4
Sanjay Dutt,5.2
Sanjay Mishra,6.5
Sanjay Narvekar,6.1
Sanjay Sharma,5.0
Sanjeeda Sheikh,6.6
Sanjeev Bhaskar,7.1
Santiago Korovsky,6.7
Santosh Juvekar,4.9
Saori Hayami,8.2
Sapna Bassi,5.9
Sapthagiri,6.0
Sara Crowe,7.3
Sara De Bosschere,6.7
Sara Lazzaro,6.7
Sarah Ann Kennedy,7.3
Sarah Anne Williams,5.9
Sarah Baldwin,5.1
Sarah Butler,3.9
Sarah Douglas,5.35
Sarah Fisher,5.1
Sarah G. Buxton,6.0
Sarah Gadon,7.8
Sarah Geronimo,6.7
Sarah Henderson,6.2
Sarah Jeffery,5.4
Sarah Levy,8.7
Sarah Natochenny,6.3
Sarah Paulson,8.0
Sarah Podemski,6.0
Sarah Sechan,6.8
Sarah Smith,7.1
Sarah Solemani,7.4
Sarah Thyre,7.2
Sarah Viktoria Bjerregaard,7.2
Sarah Wright,5.8
Sarah-Jane Dias,7.0
Sarath Kumar,8.0
Sardar Sohi,6.7
Sareh Bayat,8.3
Sari Lennick,7.0
Sari Nila,6.8
Sarina Farhadi,8.3
Sarinrat Thomas,7.6
Sarita Joshi,5.5
Sasha Lane,7.0
Sasha Roiz,6.6
Sasho,2.1
Satish Alekar,6.050000000000001
Satish Phulekar,6.1
Satomi Akesaka,7.9
Satomi Sato,7.2
Satoshi Hino,5.7
Saurabh Dubey,2.1
Saurabh Shukla,6.633333333333333
Savita Bajaj,5.4
Savita Malpekar,7.1
Sawsan Saad,5.3
Sayaka Ohara,6.7
Sayaka Senbongi,7.8
Sayani Gupta,7.6
Saygın Soysal,7.3
Sayumi Watabe,7.8
Saïd Taghmaoui,5.5
Scarlet Spencer,6.8
Scarlett Johansson,8.4
Scoot McNairy,5.7
Scott Adkins,6.35
Scott Baio,3.8
Scott Bakula,8.3
Scott C. Roe,2.6
Scott Edwards,4.7
Scott Evans,5.6
Scott Kelly,7.4
Scott King,2.6
Scott Martin,5.3
Scott Thompson,4.2
Scott Wilkinson,5.0
Scott William Winters,5.8
Scottie Ray,6.3
Se-yoon Yoo,7.4
Seamus Malone,7.1
Sean Astin,7.15
Sean Connery,7.4
Sean Gunn,6.6
Sean Hankinson,7.3
Sean McBride,4.8
Sean McNamara,4.6
Seandrea Sledge,6.4
Sebastian Pigott,5.8
Sebastian Saraceno,6.0
Sebastian Stan,8.4
Sebastián Eslava,6.3
Sebastián Wainraich,6.7
Sebnem Sönmez,7.0
Secret,6.2
Secun de la Rosa,3.8
Seda Bakan,8.8
Seema Biswas,6.0
Seema Kaushal,7.5
Seema Pahwa,7.75
Seeta Indrani,7.1
Seethabaala,6.5
Segun Arinze,5.4
Selena Gomez,7.9
Selin Uludoğan,7.3
Selma Blair,5.1000000000000005
Sendy Febrina,7.1
Seo Hyun-jin,7.9
Seok-Hwan An,6.3
Seong Hye-min,7.1
Ser'Darius Blain,4.6
Serena Fang,7.9
Serge Houde,7.6
Sergey Sosnovskiy,7.4
Sergio Bustamante,5.5
Sergio Freire,3.5
Sergio Hernández,8.0
Sergio Mamberti,7.4
Serkan Ercan,8.1
Sermet Yeşil,8.1
Seth Green,6.65
Seth Morris,5.6
Seth Rogen,7.6
Seul-ong Im,6.3
Seun Akindele,6.9
Seun Kentebe,6.0
Sevak Hakoyan,7.2
Severija Janusauskaite,8.4
Shabana Azmi,6.5
Shadab Kamal,6.4
Shafi Inamdar,5.2
Shafqat Cheema,6.3
Shahab Hosseini,8.3
Shailene Garnett,6.0
Shailene Woodley,6.6
Shailyn Pierre-Dixon,6.0
Shaji John,6.5
Shakeel Khan,7.0
Shakil Imtiaz,7.1
Shakira Ja-nai Paye,5.8
Shakti Kapoor,7.1000000000000005
Shalin Naik,6.6
Shamaine Centenera,6.8
Shamier Anderson,5.2
Shamita Shetty,4.3
Shane Jacobsen,7.8
Shane Paul McGhie,5.15
Shane West,7.4
Shannon Chan-Kent,5.85
Shara Lin,6.7
Sharad Kelkar,5.9
Sharada,6.5
Sharman Joshi,8.4
Sharon Leal,6.9
Sharon Ooja,5.4
Sharon Small,7.0
Sharon Stone,7.0
Sharrieff Pugh,5.8
Sharvani Suryavanshi,6.9
Shashank Shende,6.5
Shashanka Ghosh,7.7
Shaun Benson,6.4
Shaun Gerardo,5.1
Shaun Smyth,6.1
Shaurya Bhardawaj,5.2
Shawn Ashmore,5.3
Shawn Levy,7.5
Shayan Munshi,7.0
Shayne Topp,5.8
Sheeba Chaddha,6.1
Sheila Vand,6.0
Shenaz Treasury,5.0
Shernaz Patel,5.8
Shery Adel,6.4
Sheryl Crow,7.4
Shia LaBeouf,7.0
Shilpa Shukla,6.4
Shimon Okura,7.0
Shinee,6.2
Shiney Ahuja,7.3
Shingo Kato,8.1
Shintaro Tanaka,7.2
Shiori Mikami,8.9
Shirin Yazdanbakhsh,8.3
Shirley Knight,6.65
Shiv Pandit,5.0
Shiva Negar,6.2
Shiviske Shivisi,6.8
Shivkumar Subramaniam,4.5
Shizuka Ito,6.4
Sho Aoyagi,7.7
Sho Hayami,6.4
Shohei Uno,7.3
Shona Hamill,7.1
Shraddha Kapoor,4.1
Shree Gopika,3.3
Shreiya Sabharwal,7.6
Shreyas Talpade,5.0
Shri Vallabh Vyas,7.1
Shriya Pilgaonkar,6.1
Shubhangi Latkar,2.1
Shun Takagi,7.7
Shunsuke Daitoh,7.3
Shuntaro Yanagi,7.7
Si-kyung Sung,7.4
Sian Taylor,7.3
Sibongile Khumalo,7.4
Sibusiso Nxumalo,7.4
Siddharth Koirala,6.6
Siddharth Menon,5.4
Sienna Bohn,5.1
Sienna Miller,2.8
Sifiso Ntuli,7.4
Sigourney Weaver,7.5
Silvanus Saow,6.7
Silvia Busuioc,6.2
Silvia Pérez Cruz,7.6
Silvio Pollio,5.7
Simon Dutton,5.3
Simon Helberg,5.9
Simon Lian,5.1
Simon Paul Mutuyimana,5.2
Simona Berman,6.3
Siobhan Williams,5.9
Sir Roger Moore,6.4
Sirin Horwang,7.2
Sisanda Henna,5.4
Sistar,6.2
Sitaram Panchal,6.7
Sivakumar Palakrishnan,5.5
Skeet Ulrich,7.7
Sky Elobar,5.8
Skye Sutherland,6.2
Skylar Astin,5.8
Smita Jaykar,6.4
Smita Patil,7.3
Smita Tambe,6.9
Smith Foreman,6.7
Sneha Ravishankar,8.2
So Joo-yeon,7.1
So-hui Yoon,7.3
So-yeon Lee,7.3
Sobhita Dhulipala,6.8
Sofia Hasmik,6.5
Sofia Wylie,5.2
Sofiko Chiaureli,4.5
Sofía Araujo,6.3
Sofía Gala Castiglione,6.6
Soha Ali Khan,7.0
Sohrab Ardeshir,7.0
Sohta Arai,8.1
Sohum Shah,6.8
Soledad Villamil,7.6
Soma Saito,7.9
Somkele Iyamah,6.0
Sonal Sehgal,7.1
Sonali Kulkarni,8.6
Sonam,5.2
Sonam Bajwa,7.2
Song Il-gook,6.0
Song Joong-ki,8.4
Sonia Acevedo,6.9
Sonia Almarcha,5.2
Sonia Braga,5.6
Sonia Mann,5.9
Sonoya Mizuno,6.1
Sonu Sood,6.0
Sonya Walger,6.1
Soo-bin Bae,6.3
Soo-young Park,8.0
Soori,5.0
Sophia Albarakbah,3.6
Sophia Bush,5.3
Sophie Faulkenberry,6.3
Sophie Lowe,6.2
Sophie Okonedo,5.5
Sophie Rois,7.2
Sophie Turner,5.4
Sora Amamiya,7.300000000000001
Soumitra Chatterjee,7.1
Sourav Chakraborty,5.2
Spencer Liff,7.3
Spike Jonze,6.3
Sreekanth Menon,6.5
Sri Muktha,4.3
Stacy Keach,8.5
Stanley Fung Sui-Fan,6.9
Stanley Tucci,6.5
Steef de Bot,5.6
Stef Aerts,6.7
Stefaan De Winter,6.7
Stefanie Scott,5.9
Stella Chung,4.6
Stella McCusker,6.5
Stellan Skarsgård,6.7
Stephan James,5.2
Stephanie Bennett,6.2
Stephanie Beran,5.3
Stephanie Escajeda,6.2
Stephanie Sheh,5.65
Stephen Amell,7.5
Stephen Dorff,5.3
Stephen Graham,6.4
Stephen Kramer Glickman,6.4
Stephen Lang,6.0
Stephen Root,6.5
Stephen Schneider,4.3
Stephen Sondheim,7.5
Stephen Tobolowsky,7.0
Stephon Marbury,7.1
Sterling Knight,6.4
Steve Buscemi,6.1
Steve Leonard,4.7
Steve Young,7.5
Steve-O,5.4
Steven Afrikaner,7.0
Steven Bognar,5.2
Steven Cree,4.4
Steven Grayhm,6.0
Steven Love,5.2
Steven Pasquale,5.7
Steven Prescod,2.8
Steven Silver,7.6
Steven Strait,5.1
Steven Waddington,6.5
Steven Yeun,7.8
Stevie Wonder,7.4
Stewart Lee,7.1
Sthembiso Khoza,6.6
Stig R. Amdam,6.0
Sting,7.4
Storm Reid,4.2
Stormi Henley,3.8
Stuart Graham,6.45
Su Ke,6.5
Subbaraju,3.2
Subhrajyoti Barat,8.2
Subiksha,7.3
Subodh Bhave,6.5
Suchita Trivedi,5.5
Suchitra Pillai,5.4
Sudeepa Singh,4.2
Sudheer Babu,5.2
Sudhir Pandey,6.75
Sudipta Chakraborty,7.1
Sugeeta Chandran,3.6
Suhartini,7.1
Suhas Palshikar,8.6
Sujan Mukherjee,5.9
Sukhbir Kaur Lamba,2.1
Sukhwinder Chahal,7.2
Sulakshana Baruah,7.1
Sulakshana Pandit,4.6
Suman Banerjee,7.1
Sumeet Raghvan,7.85
Sumet Ong-Art,7.0
Suna Yıldızoğlu,7.3
Sunil Dutt,6.7
Sunil Grover,5.2
Sunil Tawde,7.7
Sunnee Yang,5.1
Sunny Banerjee,5.9
Sunny Kaushal,6.1
Sunny Leone,3.85
Suppakorn Chaiyo,7.0
Supriya Karnik,4.3
Supriya Pathak,5.8
Surapol Poonpiriya,7.4
Suriya,5.0
Surya Amitrano,6.9
Susan Bain,6.2
Susan Boyd,6.0
Susan Davis,5.8
Susan Leong,4.6
Susan Lynch,6.5
Susan Sarandon,6.266666666666667
Susana Abaitua,5.9
Susanna Thompson,7.5
Susanne Blakeslee,3.8
Susanne Timms,7.9
Sushama Deshpande,6.9
Sushanth,7.1
Sushil Pandey,8.2
Sushma Bakshi,5.6
Sushmita Sen,4.3
Susie Essman,6.6
Susumu Chiba,6.7
Sutatta Udomsilp,7.4
Sutthatip Wutichaipradit,7.4
Suzan Aksoy,5.2
Suzy Myers,6.3
Sven Nordin,5.1
Swagata Basu,5.9
Swara Bhasker,4.1
Swati Rajput,6.9
Swati Semwal,7.5
Sydney Rae White,6.2
Sylvester Stallone,7.5
Sylvia Hoeks,5.1
Sylvia Oluchy,6.9
Sylvia Sanchez,6.9
Sylvia Wang,5.1
Syna Anand,5.4
Sílvia Lourenço,2.7
T.I.,7.0
T.V. Carpio,7.3
TJ Trinidad,6.65
Taapsee Pannu,7.8
Tabitha St. Germain,6.3
Tabu,7.7
Tachakorn Boonlupyanun,6.7
Tae-ho Ryu,8.0
Tae-im Lee,7.3
Taheya Cariocca,6.6
Tahirah Sharif,5.35
Taim Hasan,7.5
Taishi Murata,6.4
Taissa Farmiga,6.8
Takaaki Torashima,7.8
Takahiro Fujiwara,7.766666666666666
Takahiro Mizushima,7.7
Takahiro Sakurai,7.3999999999999995
Takanori Hoshino,6.4
Takayuki Kondo,8.2
Takayuki Sugo,7.25
Takehito Koyasu,6.550000000000001
Takeo Otsuka,7.8
Taksaorn Paksukcharern,7.2
Takuma Terashima,6.4
Takuya Eguchi,6.7
Takuya Sato,6.4
Talal Mahmood,5.3
Talia Jackson,5.6
Talitha Eliana Bateman,6.6
Tamannaah Bhatia,6.0
Tamara Smart,5.4
Tamara Taylor,8.0
Tammi Øst,7.2
Tammy Chen,7.699999999999999
Tamsen McDonough,5.4
Tamsin Greig,7.1
Tang Chen-Kang,7.0
Tania,7.2
Tannishtha Chatterjee,6.766666666666667
Tansu Biçer,8.1
Tantoo Cardinal,6.4
Tanuja,6.5
Tanushree Dutta,6.4
Tanushree Kaushal,6.6
Tanveer Ghani,5.2
Tanvi Azmi,6.2
Tanvi Vyas,3.1
Tanya Chisholm,6.4
Tanya Streeter,8.0
Tao Tsuchiya,7.7
Tara Emad,6.8
Tara Lynne Barr,7.5
Tara Sands,7.3
Tara Strong,7.033333333333334
Taraji P. Henson,6.3
Taranjit Kaur,8.0
Tarek Lotfy,6.8
Tarlochan Singh,5.7
Taron C. Hensley,6.7
Tarun Mehta,6.9
Tarynn Wyngaard,5.4
Tarık Papuççuoğlu,5.2
Tarık Ünlüoğlu,5.1
Tat-Ming Cheung,6.0
Tata Vega,7.4
Tate Donovan,5.9
Tatiana Maslany,7.8
Tatsuhisa Suzuki,6.5
Taufiq Hanafi,3.6
Tava Smiley,5.6
Tawny Newsome,8.0
Taye Diggs,7.7
Taylor Henry,7.9
Taylor Kitsch,6.2
Taylor Nichols,5.8
Taylor Richardson,6.5
Taylor Tomlinson,5.4
Tchéky Karyo,6.9
Ted Danson,6.5
Ted Lange,4.2
Ted McGinley,6.8
Ted Welch,3.9
Tedd Chan,4.6
Teddy Chen,5.1
Teddy Cole,3.3
Teddy Sears,7.6
Teera Pratumtree,6.7
Teeradon Supapunpinyo,7.6
Tej Raj,3.3
Tenzing Dalha,7.0
Tere Monroy,5.5
Terele Pávez,3.8
Teresa Biter,4.8
Teresa Gallagher,7.5
Teresa Palmer,6.15
Terrence Howard,5.6
Terri Oliver,6.3
Terry Dale Parks,5.3
Tessa Albertson,5.9
Thabo Malema,5.4
Thagubothu Ramesh,5.6
Thanadol Auepongs,7.6
Thandi Modise,7.4
Thaneth Warakulnukroh,7.6
Thati Lopes,6.6
Thawat Pornrattanaprasert,5.85
Thaís Schier,6.9
Theebaan Govindasamy,3.6
Theeradej Wongpuapan,7.2
Thembisa Mdoda,6.6
Thenjiwe Moseley,5.3
Theo Devaney,5.35
Theodore Bikel,5.7
Theodore Pellerin,5.5
Theresa Randle,6.75
Thierry Hancisse,6.1
Thom Rivera,7.1
Thom Yorke,7.7
Thomas Cocquerel,6.3
Thomas Dekker,6.0
Thomas Jane,6.433333333333334
Thomas Lennon,6.6
Thomas Mann,5.4
Thomas Middleditch,5.4
Thomas Rosales Jr.,6.5
Thomas Turgoose,6.5
Thongpoom Siripipat,6.3
Thora Birch,8.3
Thure Lindhardt,6.7
Théo Cholbi,6.2
Tia Carrere,7.5
Tia Mowry-Hardrict,5.6
Tian Gao,6.7
Tiarnie Coupland,5.2
Ticoon Kim,5.4
Tien Hsin,7.6
Tiffani Thiessen,7.5
Tiffany Kathryn,5.7
Tiger Shroff,4.1
Tika Bravani,6.4
Tim Blake Nelson,6.333333333333333
Tim Grothe,5.5
Tim Herlihy,6.0
Tim Matheson,5.9
Tim McInnerny,6.199999999999999
Tim Meadows,4.3
Tim Pigott-Smith,6.2
Tim Reid,6.0
Tim Roth,6.3
Timothy Hutton,7.8
Timothy Lee DePriest,3.8
Tina Cook,5.7
Tina Fey,7.8
Tina Mba,6.0
Ting Liu,5.1
Tinker Hatfield,8.4
Tinnu Anand,6.9
Tirso Cruz III,6.8
Tisca Chopra,6.5
Tito Wilson,8.0
Toa Yukinari,7.766666666666666
Tobias Kersloot,5.6
Toby Huss,5.1
Toby Kebbell,7.5
Toby Sebastian,5.4
Tod Fennell,7.3
Todd Haberkorn,7.2
Todd Louiso,6.1
Todrick Hall,6.7
Toko Miura,6.7
Tom Alter,4.5
Tom Basden,8.4
Tom Bower,6.3
Tom Crisp,4.1
Tom Fassaert,7.0
Tom Felton,5.4
Tom Hanks,6.7
Tom Hiddleston,8.4
Tom Holland,8.4
Tom Hollander,7.8
Tom Kane,7.1
Tom Kenny,7.8
Tom McCarthy,7.9
Tom Papa,5.4
Tom Segura,5.4
Tom Vermeir,6.7
Tomasz Stockinger,3.2
Tomasz Włosok,6.8
Tomer Kapon,6.0
Tommie-Amber Pirie,5.5
Tommy Kenter,7.2
Tommy Kijas,4.6
Tommy Kuan,4.6
Tomohisa Hashizume,8.9
Tomás Ottaviano,5.4
Tomás Wahrmann,6.1
Tone-Loc,5.8
Toni Collette,7.0
Tony D. Head,5.4
Tony Darling,6.8
Tony Hale,7.575
Tony Luke,7.8
Tony McCoy,6.5
Tony Nappo,7.5
Tony Panterra,5.8
Tony Robinow,7.3
Tony Todd,5.5
Tony Way,8.4
Topp Dogg,6.2
Toru Furuya,6.7
Toru Okawa,6.4
Tory Kittles,5.0
Tosatid Darnkhuntod,6.7
Toshinori Omi,7.3
Toshiyuki Morikawa,7.2
Toshiyuki Toyonaga,7.2
Trace Adkins,5.65
Tracey Gold,5.1
Tracy Pfau,5.1
Trae Robin,5.2
Travis Turner,6.4
Treat Williams,7.3
Trent Haaga,5.6
Trevor Devall,6.4
Trevor Einhorn,6.5
Trevor White,6.2
Trey Parker,6.5
Tricia Paoluccio,6.3
Tridha Choudhury,7.8
Trimala Adhikari,6.9
Trinidad González,8.0
Troi Zee,6.2
Trond Halbo,5.1
Troy Leigh-Anne Johnson,5.4
Tsubasa Yonaga,6.4
Tsuyoshi Abe,7.7
Tuba Büyüküstün,6.9
Tuface Idibia,5.3
Tuhin Mitra,5.9
Tunbosun Aiyedehin,8.0
Tutie Kirana,7.1
Twinkle Khanna,5.4
Txema Blasco,5.3
Ty Consiglio,5.0
Tyler Alvarez,8.2
Tyler Labine,5.1
Tyler Perry,5.9
Tyra Banks,5.5
Tyra Ferrell,5.4
Tyrone Keogh,5.8
Táta Vega,7.4
Téa Leoni,6.9
Tómas Lemarquis,6.2
Uche Jumbo,6.7
Udaya Soundari,5.5
Udo Kroschwald,7.15
Ullas Jose Chemban,8.0
Ungsumalynn Sirapatsakmetha,7.2
Upen Patel,6.4
Urmila Matondkar,6.5
Uru Eke,6.9
Urzila Carlson,5.4
Usha Kiran,8.0
Utkarsh Mazumdar,6.6
Utpal Dutt,4.6
Uttam Kumar,4.6
Uttara Baokar,7.0
Uwe Preuss,6.5
Uzo Aduba,6.4
Uğur Demirpehlivan,4.9
VIXX,6.2
Vaibhav Raj Gupta,4.9
Vaibhav Reddy,5.6
Vaidehi Parshurami,8.6
Valentin Popescu,6.6
Valeria Emiliani,6.3
Valeria Gálviz,6.7
Valeria Seciu,6.6
Valerie Bertinelli,7.8
Valerie Harper,7.8
Vanesa González,6.6
Vanesha Prescilla,6.8
Vanessa Bell Calloway,5.8
Vanessa Kirby,7.8
Vaneza Oliveira,7.4
Vanness Wu,6.7
Varot Makaduangkeo,7.4
Varun Khandelwal,5.5
Varun Thakur,4.1
Vasuki,8.1
Vasundhara Kaul,5.0
Vayu Kessuvit,7.6
Vebjørn Enger,6.0
Ved Thappar,6.9
Vedashree Rao,7.7
Veerendra Saxena,5.8
Vera Farmiga,8.2
Vera Panfilova,7.4
Verdi Solaiman,6.4
Verne Troyer,6.4
Veronica Hampson,3.9
Verónica Echegui,5.9
Verónica Orozco,6.3
Via Antonio,5.4
Vic Tayback,7.05
Vice Ganda,4.8
Vichuda Pindum,6.5
Victor Argo,5.6
Victor Assié,6.4
Victor Banerjee,6.5
Victor Lamoglia,6.6
Victor Rasuk,6.1
Victor Silayan,6.8
Victoria Clare,4.1
Victoria Smurfit,7.0
Vidya Balan,7.3
Vidya Shankar,8.2
Vidyut Jammwal,5.0
Vidyut Jamwal,4.9
Viggo Mortensen,6.1
Viineet Kumar,6.1
Vijay Bhatia,8.1
Vijay Kashyap,6.8
Vijay Kaushik,6.4
Vijay Raaz,6.699999999999999
Vijay S. Kumar,5.7
Vikas Kumar,6.9
Vikram Gokhale,7.1
Vikram Inamdar,7.1
Vikram Prabhu,3.2
Vikrant Singh,5.9
Ville Virtanen,5.8
Vin Diesel,8.4
Vinay Pathak,7.0
Vinay Varma,5.6
Vinaya Sungkur,5.4
Vince Rillon,6.5
Vincent Giovagnoli,5.1
Vincent Kartheiser,5.6
Vincent Launay-Franceschini,5.2
Vincent Tong,6.5
Vineeth Vishwam,8.0
Vinessa Shaw,6.5
Vinod Khanna,5.85
Vinod Mehra,5.2
Vinoth,7.3
Vinoth Kishan,7.6
Violante Placido,6.8
Vipin Bhali,7.1
Vipin Sharma,5.65
Vir Das,5.4
Virgile Bramly,5.4
Virginia Gardner,6.5
Vishakha Singh,6.5
Vishal Kotian,7.3
Vishesh Tiwari,6.5
Vishnu Agasthya,6.5
Vitaliya Kornienko,7.4
Vito Sanz,7.3
Vito Viscuso,5.3
Vittoria Puccini,6.7
Vitória Falcão,6.6
Vivi Lee,7.9
Vivian Drew,7.1
Vivian Wu,6.6
Viviane Porto,7.4
Vlad Logigan,5.35
Volker Bruch,8.4
Vonny Cornellya,6.8
Vu Le Hong,6.8
Vusi Mahlasela,7.4
Vyjayantimala,6.7
Víctor Quezada,8.0
W. Earl Brown,7.8
Wael Sami,6.4
Wafeeq Narimab,7.0
Wakana Sakai,6.3
Wallace Huo,7.2
Wallace Shawn,7.5
Walter Jakob,5.0
Walton Goggins,7.0
Wanda Seux,6.9
Wanda Sykes,6.3
Wang Bowen,8.0
Wang Qiuzi,5.7
Wang Runze,8.0
Wang Wei,6.3
Wanida Termthanaporn,7.0
Warren Bullock,7.8
Warren Christie,5.2
Warren Clarke,8.3
Warren Rusher,5.1
Wayne Collins,5.8
Wayne Knight,7.0
Weber Yang,8.5
Weird Al Yankovic,8.0
Wen Chen-ling,8.05
Wen Shaoping,6.3
Wenche Myhre,5.1
Wes Bentley,8.15
Wes Studi,5.5
Wesley Morgan,6.0
Whip Hubley,5.9
Whitney Able,5.5
Whitney Goin,5.6
Whitney Rose Pynn,7.5
Whoopi Goldberg,6.65
Wiesław Komasa,7.2
Wil Traval,7.1
Wilfred Benaïche,7.8
Will Arnett,8.7
Will Bowes,5.4
Will Ennis,5.1
Will Ferrell,6.5
Will Forte,6.8
Will McCormack,4.2
Will Oldham,6.9
Will Rothhaar,6.2
Will Ryan,6.9
Will Smith,6.75
Will Yun Lee,8.0
Willa Holland,7.5
Wille Lindberg,6.2
Willem Dafoe,7.05
William Ackman,7.2
William Baldwin,4.9
William Davis,5.7
William Fichtner,5.1
William Forsythe,6.5
William Powell,5.8
William Russ,8.5
William Shatner,4.6
Willy Semler,8.0
Winnie Böwe,4.8
Wofai Samuel,5.4
Wojciech Klata,7.2
Won-keun Lee,7.3
Won-sang Park,7.4
Woo-hee Chun,7.4
Woody Harrelson,6.3
Wu Chien-ho,7.6
Wu Chun,6.3
Wu Kang-jen,8.5
Wu Ma,6.3
Wu Tai-ling,7.6
Wyatt White,6.9
Xavi Hernández,7.3
Xavier Beauvois,5.2
Xavier Samuel,6.2
Xavier Ywaya,6.8
Xi Man-Ning,6.9
Xia Vigor,6.9
Xiang Dong Xu,6.3
Xiao Xiao Bin,8.0
Ximena Guzmán,5.8
Xu Bin,7.3
Xu Qing,5.8
Yael Grobglas,5.8
Yahya Abdul-Mateen II,5.8
Yakub Akhmedov,4.5
Yakubu Mohammed,6.4
Yameen Shah,7.0
Yanee Tramoth,4.7
Yang Ik-june,8.0
Yang Zi,8.4
Yangzom Brauen,5.5
Yanina Ávila,6.4
Yannick Konnan,5.4
Yao Ai-ning,8.0
Yasemin Allen,7.3
Yashpal Sharma,6.733333333333334
Yashvit Sancheti,5.3
Yashwant Wasnik,5.4
Yasmin Honeychurch,5.2
Yasmine Bleeth,6.5
Yasser El Tobgy,6.4
Yayan Ruhian,5.3
Yayo Aguila,5.800000000000001
Ye Chengcheng,6.3
Ye Ji-won,7.9
Yeardley Smith,7.7
Yehia Chahine,7.4
Yeo Hoi-hyun,7.1
Yi Ning Sun,6.1
Yi Qin Zhao,6.1
Yijuan Li,6.5
Yin Shin,7.6
Yingsak Chonglertjetsadawong,7.0
Yogi Babu,3.2
Yograj Singh,5.9
Yoko Hikasa,6.4
Yoko Soumi,6.4
Yoo Ah-in,6.2
Yoo In-young,6.0
Yoon-hee Lee,8.0
Yorke Sun,8.5
Yoshihiko Kumashino,7.3
Yoshihisa Kawahara,6.7
Yoshimasa Hosoya,7.7
Yoshiro Matsumoto,7.766666666666666
Yoshitsugu Matsuoka,7.9
Yoshiyuki Shimozuma,7.8
Young-chang Song,8.0
Yousef Erakat,5.2
Yousef Fawzy,6.4
Yousra,6.949999999999999
Youssef Chahine,6.6
Youssef Wahby,7.4
Youssouff Wague,7.3
Yu Kitada,7.2
Yu Kobayashi,7.65
Yu Shimamura,7.65
Yu-seok Kim,8.0
Yudhveer Bakoliya,6.8
Yui Ishikawa,8.9
Yui Makino,7.949999999999999
Yuichi Iguchi,7.8
Yuichi Nakamura,7.9
Yuka Itaya,7.3
Yuka Nukui,5.5
Yukari Tamura,7.9
Yuki Kaji,7.880000000000001
Yuki Morinaga,7.7
Yuki Ono,7.8
Yuki Takahashi,8.1
Yuko Hara,7.8
Yul Vazquez,6.35
Yuma Uchida,7.8
Yumiko Kobayashi,7.7
Yun Seo-hyun,7.1
Yun Yoo-sun,7.5
Yuri Kolokolnikov,6.1
Yuri Vargas,6.7
Yusaku Yara,8.9
Yusuf Hussain,5.6
Yusuke Kobayashi,6.4
Yutaro Watanabe,7.7
Yuu Asakawa,7.9
Yuvraj Siddharth Singh,2.8
Yuwu Qi,6.3
Yvan Attal,6.4
Yvette Nicole Brown,5.6
Zac Efron,6.4
Zach Cherry,5.8
Zach Galifianakis,5.15
Zach Tyler,9.2
Zachary Knighton,5.1
Zachary Levi,7.55
Zachary Quinto,8.0
Zachary Ruane,8.0
Zahia Dehar,5.6
Zainab Johnson,5.7
Zak Santiago,4.1
Zakir Hussain,7.3500000000000005
Zara Udofia Ejoh,6.0
Zayidiyya Dissou,6.6
Zeb Troostwijk,6.7
Zedrick Restauro,5.6
Zeenat Aman,4.5
Zeeshan Ali,6.3
Zeina,6.4
Zenande Mfenyane,5.3
Zezé Motta,7.4
Zhang Jungyi,6.5
Zhang Shunyuan,6.3
Zhang Songwen,6.7
Zhang Xiaolong,5.4
Zhang Zhenhuan,7.3
Zhao Jinmai,8.0
Zhao Wei,6.3
Zheng Geping,7.3
Zhou Dongyu,6.5
Zhou Mi,5.7
Zhuang Kebi,6.3
Ziesha Nancy,2.8
Zoe Hochbaum,5.4
Zoe Lister-Jones,6.6
Zoe Saldana,8.4
Zoey Deutch,6.5
Zofia Wichłacz,6.8
Zoë Chao,5.6
Zul Vellani,6.7
Álvaro Cervantes,6.55
Édouard Baer,5.4
Élodie Bouchez,5.4
Éric Judor,5.4
Érika Mader,6.6
Özay Fecht,7.3
Özkan Uğur,8.1
Özlem Türkad,5.1
Ülkü Duru,8.1
Ümit Bülent Dinçer,7.0
Ümit Erdim,5.5
Ünal Yeter,4.9
İbrahim Büyükak,4.4
İnanç Konukçu,8.8
İpek Bilgin,6.9
